Workbook

Sheet Start_page

Sheet Data1
A1: =$O$1/100 -> 0.02 | B1: {=1-COS((_xlfn.SEQUENCE(500,1,0,1)*PI())/(2*(500-1)))} -> 0 | C1: =IF($A$1=0, 0, IF(B1<=$A$2, ($A$1/$A$2^2)*(2*$A$2*B1-B1^2), ($A$1/(1-$A$2)^2)*((1-2*$A$2)+2*$A$2*B1-B1^2))) -> 0 | D1: =IF($Q$3, 5*$A$3*(0.2969*SQRT(B1)-0.126*B1-0.3516*B1^2+0.2843*B1^3-0.1036*B1^4), 5*$A$3*(0.2969*SQRT(B1)-0.126*B1-0.3516*B1^2+0.2843*B1^3-0.1015*B1^4)) -> 0 | E1: =IF($A$1=0, 0, IF(B1<=$A$2, ($A$1/$A$2^2) *(2*$A$2-2*B1), ($A$1/(1-$A$2)^2)*(2*$A$2-2*B1))) -> 0.1 | F1: =IF($A$1=0, 0, ATAN(E1)) -> 0.099668652 | G1: =B1-D1*SIN(F1) -> 0 | H1: =C1+D1*COS(F1) -> 0 | I1: =B1+D1*SIN(F1) -> 0 | J1: =C1-D1*COS(F1) -> 0 | M1: =IF($Q$1, C1, -0.5) -> -0.5 | N1: 2 | O1: =IF($P$1=1, 0, $N$1) -> 2 | P1: 2 | Q1: FALSE | R1: =ATAN(E1) -> 0.099668652 | S1: {=_xlfn.SEQUENCE(50, 1, 0, (2*PI())/(50-1))} -> 0 | T1: =$R$2*(COS($R$1)+COS(S1)) -> 0.031655115 | U1: =IF($Q$2, $R$2*(SIN($R$1)+SIN(S1)), -0.5) -> -0.5
A2: =$O$2/10 -> 0.4 | B2: 4.9545967e-06 | C2: =IF($A$1=0, 0, IF(B2<=$A$2, ($A$1/$A$2^2)*(2*$A$2*B2-B2^2), ($A$1/(1-$A$2)^2)*((1-2*$A$2)+2*$A$2*B2-B2^2))) -> 4.954566e-07 | D2: =IF($Q$3, 5*$A$3*(0.2969*SQRT(B2)-0.126*B2-0.3516*B2^2+0.2843*B2^3-0.1036*B2^4), 5*$A$3*(0.2969*SQRT(B2)-0.126*B2-0.3516*B2^2+0.2843*B2^3-0.1015*B2^4)) -> 0.00039614589 | E2: =IF($A$1=0, 0, IF(B2<=$A$2, ($A$1/$A$2^2) *(2*$A$2-2*B2), ($A$1/(1-$A$2)^2)*(2*$A$2-2*B2))) -> 0.099998761 | F2: =IF($A$1=0, 0, ATAN(E2)) -> 0.099667426 | G2: =B2-D2*SIN(F2) -> -3.4462909e-05 | H2: =C2+D2*COS(F2) -> 0.0003946754 | I2: =B2+D2*SIN(F2) -> 4.4372102e-05 | J2: =C2-D2*COS(F2) -> -0.00039368448 | M2: =IF($Q$1, C2, -0.5) -> -0.5 | N2: 4 | O2: =IF($P$1=1, 0, $N$2) -> 4 | Q2: FALSE | R2: =(0.2969^2/2)*(A3/0.2)^2 -> 0.01586693 | S2: 0.12822827 | T2: =$R$2*(COS($R$1)+COS(S2)) -> 0.031524848 | U2: =IF($Q$2, $R$2*(SIN($R$1)+SIN(S2)), -0.5) -> -0.5
A3: =O3/100 -> 0.12 | B3: 1.9818338e-05 | C3: =IF($A$1=0, 0, IF(B3<=$A$2, ($A$1/$A$2^2)*(2*$A$2*B3-B3^2), ($A$1/(1-$A$2)^2)*((1-2*$A$2)+2*$A$2*B3-B3^2))) -> 1.9817847e-06 | D3: =IF($Q$3, 5*$A$3*(0.2969*SQRT(B3)-0.126*B3-0.3516*B3^2+0.2843*B3^3-0.1036*B3^4), 5*$A$3*(0.2969*SQRT(B3)-0.126*B3-0.3516*B3^2+0.2843*B3^3-0.1015*B3^4)) -> 0.00079154159 | E3: =IF($A$1=0, 0, IF(B3<=$A$2, ($A$1/$A$2^2) *(2*$A$2-2*B3), ($A$1/(1-$A$2)^2)*(2*$A$2-2*B3))) -> 0.099995045 | F3: =IF($A$1=0, 0, ATAN(E3)) -> 0.099663747 | G3: =B3-D3*SIN(F3) -> -5.8939131e-05 | H3: =C3+D3*COS(F3) -> 0.00078959549 | I3: =B3+D3*SIN(F3) -> 9.8575806e-05 | J3: =C3-D3*COS(F3) -> -0.00078563192 | M3: =IF($Q$1, C3, -0.5) -> -0.5 | O3: 12 | Q3: FALSE | S3: 0.25645654 | T3: =$R$2*(COS($R$1)+COS(S3)) -> 0.031136185 | U3: =IF($Q$2, $R$2*(SIN($R$1)+SIN(S3)), -0.5) -> -0.5
B4: 4.4591076e-05 | C4: =IF($A$1=0, 0, IF(B4<=$A$2, ($A$1/$A$2^2)*(2*$A$2*B4-B4^2), ($A$1/(1-$A$2)^2)*((1-2*$A$2)+2*$A$2*B4-B4^2))) -> 4.458859e-06 | D4: =IF($Q$3, 5*$A$3*(0.2969*SQRT(B4)-0.126*B4-0.3516*B4^2+0.2843*B4^3-0.1036*B4^4), 5*$A$3*(0.2969*SQRT(B4)-0.126*B4-0.3516*B4^2+0.2843*B4^3-0.1015*B4^4)) -> 0.0011861859 | E4: =IF($A$1=0, 0, IF(B4<=$A$2, ($A$1/$A$2^2) *(2*$A$2-2*B4), ($A$1/(1-$A$2)^2)*(2*$A$2-2*B4))) -> 0.099988852 | F4: =IF($A$1=0, 0, ATAN(E4)) -> 0.099657615 | G4: =B4-D4*SIN(F4) -> -7.342581e-05 | H4: =C4+D4*COS(F4) -> 0.0011847593 | I4: =B4+D4*SIN(F4) -> 0.00016260796 | J4: =C4-D4*COS(F4) -> -0.0011758416 | M4: =IF($Q$1, C4, -0.5) -> -0.5 | S4: 0.38468481 | T4: =$R$2*(COS($R$1)+COS(S4)) -> 0.030495508 | U4: =IF($Q$2, $R$2*(SIN($R$1)+SIN(S4)), -0.5) -> -0.5
B5: 7.9272565e-05 | C5: =IF($A$1=0, 0, IF(B5<=$A$2, ($A$1/$A$2^2)*(2*$A$2*B5-B5^2), ($A$1/(1-$A$2)^2)*((1-2*$A$2)+2*$A$2*B5-B5^2))) -> 7.926471e-06 | D5: =IF($Q$3, 5*$A$3*(0.2969*SQRT(B5)-0.126*B5-0.3516*B5^2+0.2843*B5^3-0.1036*B5^4), 5*$A$3*(0.2969*SQRT(B5)-0.126*B5-0.3516*B5^2+0.2843*B5^3-0.1015*B5^4)) -> 0.0015800777 | E5: =IF($A$1=0, 0, IF(B5<=$A$2, ($A$1/$A$2^2) *(2*$A$2-2*B5), ($A$1/(1-$A$2)^2)*(2*$A$2-2*B5))) -> 0.099980182 | F5: =IF($A$1=0, 0, ATAN(E5)) -> 0.099649031 | G5: =B5-D5*SIN(F5) -> -7.7920191e-05 | H5: =C5+D5*COS(F5) -> 0.0015801656 | I5: =B5+D5*SIN(F5) -> 0.00023646532 | J5: =C5-D5*COS(F5) -> -0.0015643127 | M5: =IF($Q$1, C5, -0.5) -> -0.5 | S5: 0.51291309 | T5: =$R$2*(COS($R$1)+COS(S5)) -> 0.029613338 | U5: =IF($Q$2, $R$2*(SIN($R$1)+SIN(S5)), -0.5) -> -0.5
B6: 0.00012386246 | C6: =IF($A$1=0, 0, IF(B6<=$A$2, ($A$1/$A$2^2)*(2*$A$2*B6-B6^2), ($A$1/(1-$A$2)^2)*((1-2*$A$2)+2*$A$2*B6-B6^2))) -> 1.2384329e-05 | D6: =IF($Q$3, 5*$A$3*(0.2969*SQRT(B6)-0.126*B6-0.3516*B6^2+0.2843*B6^3-0.1036*B6^4), 5*$A$3*(0.2969*SQRT(B6)-0.126*B6-0.3516*B6^2+0.2843*B6^3-0.1015*B6^4)) -> 0.0019732154 | E6: =IF($A$1=0, 0, IF(B6<=$A$2, ($A$1/$A$2^2) *(2*$A$2-2*B6), ($A$1/(1-$A$2)^2)*(2*$A$2-2*B6))) -> 0.099969034 | F6: =IF($A$1=0, 0, ATAN(E6)) -> 0.099637993 | G6: =B6-D6*SIN(F6) -> -7.2419613e-05 | H6: =C6+D6*COS(F6) -> 0.0019758131 | I6: =B6+D6*SIN(F6) -> 0.00032014454 | J6: =C6-D6*COS(F6) -> -0.0019510444 | M6: =IF($Q$1, C6, -0.5) -> -0.5 | S6: 0.64114136 | T6: =$R$2*(COS($R$1)+COS(S6)) -> 0.028504159 | U6: =IF($Q$2, $R$2*(SIN($R$1)+SIN(S6)), -0.5) -> -0.5
B7: 0.00017836033 | C7: =IF($A$1=0, 0, IF(B7<=$A$2, ($A$1/$A$2^2)*(2*$A$2*B7-B7^2), ($A$1/(1-$A$2)^2)*((1-2*$A$2)+2*$A$2*B7-B7^2))) -> 1.7832056e-05 | D7: =IF($Q$3, 5*$A$3*(0.2969*SQRT(B7)-0.126*B7-0.3516*B7^2+0.2843*B7^3-0.1036*B7^4), 5*$A$3*(0.2969*SQRT(B7)-0.126*B7-0.3516*B7^2+0.2843*B7^3-0.1015*B7^4)) -> 0.0023655976 | E7: =IF($A$1=0, 0, IF(B7<=$A$2, ($A$1/$A$2^2) *(2*$A$2-2*B7), ($A$1/(1-$A$2)^2)*(2*$A$2-2*B7))) -> 0.09995541 | F7: =IF($A$1=0, 0, ATAN(E7)) -> 0.099624504 | G7: =B7-D7*SIN(F7) -> -5.6921516e-05 | H7: =C7+D7*COS(F7) -> 0.0023717001 | I7: =B7+D7*SIN(F7) -> 0.00041364217 | J7: =C7-D7*COS(F7) -> -0.002336036 | M7: =IF($Q$1, C7, -0.5) -> -0.5 | S7: 0.76936963 | T7: =$R$2*(COS($R$1)+COS(S7)) -> 0.027186184 | U7: =IF($Q$2, $R$2*(SIN($R$1)+SIN(S7)), -0.5) -> -0.5
B8: 0.00024276562 | C8: =IF($A$1=0, 0, IF(B8<=$A$2, ($A$1/$A$2^2)*(2*$A$2*B8-B8^2), ($A$1/(1-$A$2)^2)*((1-2*$A$2)+2*$A$2*B8-B8^2))) -> 2.4269195e-05 | D8: =IF($Q$3, 5*$A$3*(0.2969*SQRT(B8)-0.126*B8-0.3516*B8^2+0.2843*B8^3-0.1036*B8^4), 5*$A$3*(0.2969*SQRT(B8)-0.126*B8-0.3516*B8^2+0.2843*B8^3-0.1015*B8^4)) -> 0.0027572227 | E8: =IF($A$1=0, 0, IF(B8<=$A$2, ($A$1/$A$2^2) *(2*$A$2-2*B8), ($A$1/(1-$A$2)^2)*(2*$A$2-2*B8))) -> 0.099939309 | F8: =IF($A$1=0, 0, ATAN(E8)) -> 0.099608562 | G8: =B8-D8*SIN(F8) -> -3.1423436e-05 | H8: =C8+D8*COS(F8) -> 0.0027678248 | I8: =B8+D8*SIN(F8) -> 0.00051695467 | J8: =C8-D8*COS(F8) -> -0.0027192864 | M8: =IF($Q$1, C8, -0.5) -> -0.5 | S8: 0.8975979 | T8: =$R$2*(COS($R$1)+COS(S8)) -> 0.025681054 | U8: =IF($Q$2, $R$2*(SIN($R$1)+SIN(S8)), -0.5) -> -0.5
B9: 0.00031707769 | C9: =IF($A$1=0, 0, IF(B9<=$A$2, ($A$1/$A$2^2)*(2*$A$2*B9-B9^2), ($A$1/(1-$A$2)^2)*((1-2*$A$2)+2*$A$2*B9-B9^2))) -> 3.1695202e-05 | D9: =IF($Q$3, 5*$A$3*(0.2969*SQRT(B9)-0.126*B9-0.3516*B9^2+0.2843*B9^3-0.1036*B9^4), 5*$A$3*(0.2969*SQRT(B9)-0.126*B9-0.3516*B9^2+0.2843*B9^3-0.1015*B9^4)) -> 0.0031480889 | E9: =IF($A$1=0, 0, IF(B9<=$A$2, ($A$1/$A$2^2) *(2*$A$2-2*B9), ($A$1/(1-$A$2)^2)*(2*$A$2-2*B9))) -> 0.099920731 | F9: =IF($A$1=0, 0, ATAN(E9)) -> 0.099590167 | G9: =B9-D9*SIN(F9) -> 4.0769926e-06 | H9: =C9+D9*COS(F9) -> 0.0031641853 | I9: =B9+D9*SIN(F9) -> 0.00063007839 | J9: =C9-D9*COS(F9) -> -0.0031007949 | M9: =IF($Q$1, C9, -0.5) -> -0.5 | S9: 1.0258262 | T9: =$R$2*(COS($R$1)+COS(S9)) -> 0.024013484 | U9: =IF($Q$2, $R$2*(SIN($R$1)+SIN(S9)), -0.5) -> -0.5
B10: 0.00040129582 | C10: =IF($A$1=0, 0, IF(B10<=$A$2, ($A$1/$A$2^2)*(2*$A$2*B10-B10^2), ($A$1/(1-$A$2)^2)*((1-2*$A$2)+2*$A$2*B10-B10^2))) -> 4.0109452e-05 | D10: =IF($Q$3, 5*$A$3*(0.2969*SQRT(B10)-0.126*B10-0.3516*B10^2+0.2843*B10^3-0.1036*B10^4), 5*$A$3*(0.2969*SQRT(B10)-0.126*B10-0.3516*B10^2+0.2843*B10^3-0.1015*B10^4)) -> 0.0035381943 | E10: =IF($A$1=0, 0, IF(B10<=$A$2, ($A$1/$A$2^2) *(2*$A$2-2*B10), ($A$1/(1-$A$2)^2)*(2*$A$2-2*B10))) -> 0.099899676 | F10: =IF($A$1=0, 0, ATAN(E10)) -> 0.099569321 | G10: =B10-D10*SIN(F10) -> 4.9582037e-05 | H10: =C10+D10*COS(F10) -> 0.0035607794 | I10: =B10+D10*SIN(F10) -> 0.0007530096 | J10: =C10-D10*COS(F10) -> -0.0034805605 | M10: =IF($Q$1, C10, -0.5) -> -0.5 | S10: 1.1540544 | T10: =$R$2*(COS($R$1)+COS(S10)) -> 0.022210854 | U10: =IF($Q$2, $R$2*(SIN($R$1)+SIN(S10)), -0.5) -> -0.5
B11: 0.00049541917 | C11: =IF($A$1=0, 0, IF(B11<=$A$2, ($A$1/$A$2^2)*(2*$A$2*B11-B11^2), ($A$1/(1-$A$2)^2)*((1-2*$A$2)+2*$A$2*B11-B11^2))) -> 4.9511237e-05 | D11: =IF($Q$3, 5*$A$3*(0.2969*SQRT(B11)-0.126*B11-0.3516*B11^2+0.2843*B11^3-0.1036*B11^4), 5*$A$3*(0.2969*SQRT(B11)-0.126*B11-0.3516*B11^2+0.2843*B11^3-0.1015*B11^4)) -> 0.0039275371 | E11: =IF($A$1=0, 0, IF(B11<=$A$2, ($A$1/$A$2^2) *(2*$A$2-2*B11), ($A$1/(1-$A$2)^2)*(2*$A$2-2*B11))) -> 0.099876145 | F11: =IF($A$1=0, 0, ATAN(E11)) -> 0.099546022 | G11: =B11-D11*SIN(F11) -> 0.00010509387 | H11: =C11+D11*COS(F11) -> 0.0039576046 | I11: =B11+D11*SIN(F11) -> 0.00088574447 | J11: =C11-D11*COS(F11) -> -0.0038585821 | M11: =IF($Q$1, C11, -0.5) -> -0.5 | S11: 1.2822827 | T11: =$R$2*(COS($R$1)+COS(S11)) -> 0.020302764 | U11: =IF($Q$2, $R$2*(SIN($R$1)+SIN(S11)), -0.5) -> -0.5
B12: 0.0005994468 | C12: =IF($A$1=0, 0, IF(B12<=$A$2, ($A$1/$A$2^2)*(2*$A$2*B12-B12^2), ($A$1/(1-$A$2)^2)*((1-2*$A$2)+2*$A$2*B12-B12^2))) -> 5.9899763e-05 | D12: =IF($Q$3, 5*$A$3*(0.2969*SQRT(B12)-0.126*B12-0.3516*B12^2+0.2843*B12^3-0.1036*B12^4), 5*$A$3*(0.2969*SQRT(B12)-0.126*B12-0.3516*B12^2+0.2843*B12^3-0.1015*B12^4)) -> 0.004316115 | E12: =IF($A$1=0, 0, IF(B12<=$A$2, ($A$1/$A$2^2) *(2*$A$2-2*B12), ($A$1/(1-$A$2)^2)*(2*$A$2-2*B12))) -> 0.099850138 | F12: =IF($A$1=0, 0, ATAN(E12)) -> 0.099520272 | G12: =B12-D12*SIN(F12) -> 0.00017061455 | H12: =C12+D12*COS(F12) -> 0.0043546584 | I12: =B12+D12*SIN(F12) -> 0.001028279 | J12: =C12-D12*COS(F12) -> -0.0042348589 | M12: =IF($Q$1, C12, -0.5) -> -0.5 | S12: 1.410511 | T12: =$R$2*(COS($R$1)+COS(S12)) -> 0.018320546 | U12: =IF($Q$2, $R$2*(SIN($R$1)+SIN(S12)), -0.5) -> -0.5
B13: 0.00071337768 | C13: =IF($A$1=0, 0, IF(B13<=$A$2, ($A$1/$A$2^2)*(2*$A$2*B13-B13^2), ($A$1/(1-$A$2)^2)*((1-2*$A$2)+2*$A$2*B13-B13^2))) -> 7.1274154e-05 | D13: =IF($Q$3, 5*$A$3*(0.2969*SQRT(B13)-0.126*B13-0.3516*B13^2+0.2843*B13^3-0.1036*B13^4), 5*$A$3*(0.2969*SQRT(B13)-0.126*B13-0.3516*B13^2+0.2843*B13^3-0.1015*B13^4)) -> 0.0047039259 | E13: =IF($A$1=0, 0, IF(B13<=$A$2, ($A$1/$A$2^2) *(2*$A$2-2*B13), ($A$1/(1-$A$2)^2)*(2*$A$2-2*B13))) -> 0.099821656 | F13: =IF($A$1=0, 0, ATAN(E13)) -> 0.099492071 | G13: =B13-D13*SIN(F13) -> 0.00024614607 | H13: =C13+D13*COS(F13) -> 0.004751938 | I13: =B13+D13*SIN(F13) -> 0.0011806093 | J13: =C13-D13*COS(F13) -> -0.0046093897 | M13: =IF($Q$1, C13, -0.5) -> -0.5 | S13: 1.5387393 | T13: =$R$2*(COS($R$1)+COS(S13)) -> 0.016296745 | U13: =IF($Q$2, $R$2*(SIN($R$1)+SIN(S13)), -0.5) -> -0.5
B14: 0.00083721069 | C14: =IF($A$1=0, 0, IF(B14<=$A$2, ($A$1/$A$2^2)*(2*$A$2*B14-B14^2), ($A$1/(1-$A$2)^2)*((1-2*$A$2)+2*$A$2*B14-B14^2))) -> 8.3633453e-05 | D14: =IF($Q$3, 5*$A$3*(0.2969*SQRT(B14)-0.126*B14-0.3516*B14^2+0.2843*B14^3-0.1036*B14^4), 5*$A$3*(0.2969*SQRT(B14)-0.126*B14-0.3516*B14^2+0.2843*B14^3-0.1015*B14^4)) -> 0.0050909675 | E14: =IF($A$1=0, 0, IF(B14<=$A$2, ($A$1/$A$2^2) *(2*$A$2-2*B14), ($A$1/(1-$A$2)^2)*(2*$A$2-2*B14))) -> 0.099790697 | F14: =IF($A$1=0, 0, ATAN(E14)) -> 0.099461418 | G14: =B14-D14*SIN(F14) -> 0.00033169028 | H14: =C14+D14*COS(F14) -> 0.0051494404 | I14: =B14+D14*SIN(F14) -> 0.0013427311 | J14: =C14-D14*COS(F14) -> -0.0049821735 | M14: =IF($Q$1, C14, -0.5) -> -0.5 | S14: 1.6669675 | T14: =$R$2*(COS($R$1)+COS(S14)) -> 0.014264595 | U14: =IF($Q$2, $R$2*(SIN($R$1)+SIN(S14)), -0.5) -> -0.5
B15: 0.00097094459 | C15: =IF($A$1=0, 0, IF(B15<=$A$2, ($A$1/$A$2^2)*(2*$A$2*B15-B15^2), ($A$1/(1-$A$2)^2)*((1-2*$A$2)+2*$A$2*B15-B15^2))) -> 9.6976617e-05 | D15: =IF($Q$3, 5*$A$3*(0.2969*SQRT(B15)-0.126*B15-0.3516*B15^2+0.2843*B15^3-0.1036*B15^4), 5*$A$3*(0.2969*SQRT(B15)-0.126*B15-0.3516*B15^2+0.2843*B15^3-0.1015*B15^4)) -> 0.0054772374 | E15: =IF($A$1=0, 0, IF(B15<=$A$2, ($A$1/$A$2^2) *(2*$A$2-2*B15), ($A$1/(1-$A$2)^2)*(2*$A$2-2*B15))) -> 0.099757264 | F15: =IF($A$1=0, 0, ATAN(E15)) -> 0.099428314 | G15: =B15-D15*SIN(F15) -> 0.00042724898 | H15: =C15+D15*COS(F15) -> 0.0055471623 | I15: =B15+D15*SIN(F15) -> 0.0015146402 | J15: =C15-D15*COS(F15) -> -0.0053532091 | M15: =IF($Q$1, C15, -0.5) -> -0.5 | S15: 1.7951958 | T15: =$R$2*(COS($R$1)+COS(S15)) -> 0.012257461 | U15: =IF($Q$2, $R$2*(SIN($R$1)+SIN(S15)), -0.5) -> -0.5
... B50: 0.011872429 | C50: =IF($A$1=0, 0, IF(B50<=$A$2, ($A$1/$A$2^2)*(2*$A$2*B50-B50^2), ($A$1/(1-$A$2)^2)*((1-2*$A$2)+2*$A$2*B50-B50^2))) -> 0.0011696236 | D50: =IF($Q$3, 5*$A$3*(0.2969*SQRT(B50)-0.126*B50-0.3516*B50^2+0.2843*B50^3-0.1036*B50^4), 5*$A$3*(0.2969*SQRT(B50)-0.126*B50-0.3516*B50^2+0.2843*B50^3-0.1015*B50^4)) -> 0.018483248 | E50: =IF($A$1=0, 0, IF(B50<=$A$2, ($A$1/$A$2^2) *(2*$A$2-2*B50), ($A$1/(1-$A$2)^2)*(2*$A$2-2*B50))) -> 0.097031893 | F50: =IF($A$1=0, 0, ATAN(E50)) -> 0.096729077 | G50: =B50-D50*SIN(F50) -> 0.010087349 | H50: =C50+D50*COS(F50) -> 0.01956647 | I50: =B50+D50*SIN(F50) -> 0.01365751 | J50: =C50-D50*COS(F50) -> -0.017227222 | M50: =IF($Q$1, C50, -0.5) -> -0.5 | S50: 6.2831853 | T50: =$R$2*(COS($R$1)+COS(S50)) -> 0.031655115 | U50: =IF($Q$2, $R$2*(SIN($R$1)+SIN(S50)), -0.5) -> -0.5
B51: 0.012360952 | C51: =IF($A$1=0, 0, IF(B51<=$A$2, ($A$1/$A$2^2)*(2*$A$2*B51-B51^2), ($A$1/(1-$A$2)^2)*((1-2*$A$2)+2*$A$2*B51-B51^2))) -> 0.0012169961 | D51: =IF($Q$3, 5*$A$3*(0.2969*SQRT(B51)-0.126*B51-0.3516*B51^2+0.2843*B51^3-0.1036*B51^4), 5*$A$3*(0.2969*SQRT(B51)-0.126*B51-0.3516*B51^2+0.2843*B51^3-0.1015*B51^4)) -> 0.018839172 | E51: =IF($A$1=0, 0, IF(B51<=$A$2, ($A$1/$A$2^2) *(2*$A$2-2*B51), ($A$1/(1-$A$2)^2)*(2*$A$2-2*B51))) -> 0.096909762 | F51: =IF($A$1=0, 0, ATAN(E51)) -> 0.096608084 | G51: =B51-D51*SIN(F51) -> 0.010543766 | H51: =C51+D51*COS(F51) -> 0.019968323 | I51: =B51+D51*SIN(F51) -> 0.014178139 | J51: =C51-D51*COS(F51) -> -0.017534331 | M51: =IF($Q$1, C51, -0.5) -> -0.5
B52: 0.012859262 | C52: =IF($A$1=0, 0, IF(B52<=$A$2, ($A$1/$A$2^2)*(2*$A$2*B52-B52^2), ($A$1/(1-$A$2)^2)*((1-2*$A$2)+2*$A$2*B52-B52^2))) -> 0.0012652561 | D52: =IF($Q$3, 5*$A$3*(0.2969*SQRT(B52)-0.126*B52-0.3516*B52^2+0.2843*B52^3-0.1036*B52^4), 5*$A$3*(0.2969*SQRT(B52)-0.126*B52-0.3516*B52^2+0.2843*B52^3-0.1015*B52^4)) -> 0.019194158 | E52: =IF($A$1=0, 0, IF(B52<=$A$2, ($A$1/$A$2^2) *(2*$A$2-2*B52), ($A$1/(1-$A$2)^2)*(2*$A$2-2*B52))) -> 0.096785185 | F52: =IF($A$1=0, 0, ATAN(E52)) -> 0.096484664 | G52: =B52-D52*SIN(F52) -> 0.011010192 | H52: =C52+D52*COS(F52) -> 0.020370141 | I52: =B52+D52*SIN(F52) -> 0.014708331 | J52: =C52-D52*COS(F52) -> -0.017839629 | M52: =IF($Q$1, C52, -0.5) -> -0.5
B53: 0.013367353 | C53: =IF($A$1=0, 0, IF(B53<=$A$2, ($A$1/$A$2^2)*(2*$A$2*B53-B53^2), ($A$1/(1-$A$2)^2)*((1-2*$A$2)+2*$A$2*B53-B53^2))) -> 0.0013143995 | D53: =IF($Q$3, 5*$A$3*(0.2969*SQRT(B53)-0.126*B53-0.3516*B53^2+0.2843*B53^3-0.1036*B53^4), 5*$A$3*(0.2969*SQRT(B53)-0.126*B53-0.3516*B53^2+0.2843*B53^3-0.1015*B53^4)) -> 0.019548198 | E53: =IF($A$1=0, 0, IF(B53<=$A$2, ($A$1/$A$2^2) *(2*$A$2-2*B53), ($A$1/(1-$A$2)^2)*(2*$A$2-2*B53))) -> 0.096658162 | F53: =IF($A$1=0, 0, ATAN(E53)) -> 0.096358819 | G53: =B53-D53*SIN(F53) -> 0.011486625 | H53: =C53+D53*COS(F53) -> 0.020771915 | I53: =B53+D53*SIN(F53) -> 0.015248081 | J53: =C53-D53*COS(F53) -> -0.018143116 | M53: =IF($Q$1, C53, -0.5) -> -0.5
B54: 0.013885221 | C54: =IF($A$1=0, 0, IF(B54<=$A$2, ($A$1/$A$2^2)*(2*$A$2*B54-B54^2), ($A$1/(1-$A$2)^2)*((1-2*$A$2)+2*$A$2*B54-B54^2))) -> 0.0013644222 | D54: =IF($Q$3, 5*$A$3*(0.2969*SQRT(B54)-0.126*B54-0.3516*B54^2+0.2843*B54^3-0.1036*B54^4), 5*$A$3*(0.2969*SQRT(B54)-0.126*B54-0.3516*B54^2+0.2843*B54^3-0.1015*B54^4)) -> 0.019901287 | E54: =IF($A$1=0, 0, IF(B54<=$A$2, ($A$1/$A$2^2) *(2*$A$2-2*B54), ($A$1/(1-$A$2)^2)*(2*$A$2-2*B54))) -> 0.096528695 | F54: =IF($A$1=0, 0, ATAN(E54)) -> 0.096230549 | G54: =B54-D54*SIN(F54) -> 0.011973064 | H54: =C54+D54*COS(F54) -> 0.021173634 | I54: =B54+D54*SIN(F54) -> 0.015797378 | J54: =C54-D54*COS(F54) -> -0.018444789 | M54: =IF($Q$1, C54, -0.5) -> -0.5
B55: 0.01441286 | C55: =IF($A$1=0, 0, IF(B55<=$A$2, ($A$1/$A$2^2)*(2*$A$2*B55-B55^2), ($A$1/(1-$A$2)^2)*((1-2*$A$2)+2*$A$2*B55-B55^2))) -> 0.0014153197 | D55: =IF($Q$3, 5*$A$3*(0.2969*SQRT(B55)-0.126*B55-0.3516*B55^2+0.2843*B55^3-0.1036*B55^4), 5*$A$3*(0.2969*SQRT(B55)-0.126*B55-0.3516*B55^2+0.2843*B55^3-0.1015*B55^4)) -> 0.020253417 | E55: =IF($A$1=0, 0, IF(B55<=$A$2, ($A$1/$A$2^2) *(2*$A$2-2*B55), ($A$1/(1-$A$2)^2)*(2*$A$2-2*B55))) -> 0.096396785 | F55: =IF($A$1=0, 0, ATAN(E55)) -> 0.096099855 | G55: =B55-D55*SIN(F55) -> 0.012469504 | H55: =C55+D55*COS(F55) -> 0.021575286 | I55: =B55+D55*SIN(F55) -> 0.016356216 | J55: =C55-D55*COS(F55) -> -0.018744647 | M55: =IF($Q$1, C55, -0.5) -> -0.5
B56: 0.014950266 | C56: =IF($A$1=0, 0, IF(B56<=$A$2, ($A$1/$A$2^2)*(2*$A$2*B56-B56^2), ($A$1/(1-$A$2)^2)*((1-2*$A$2)+2*$A$2*B56-B56^2))) -> 0.0014670878 | D56: =IF($Q$3, 5*$A$3*(0.2969*SQRT(B56)-0.126*B56-0.3516*B56^2+0.2843*B56^3-0.1036*B56^4), 5*$A$3*(0.2969*SQRT(B56)-0.126*B56-0.3516*B56^2+0.2843*B56^3-0.1015*B56^4)) -> 0.020604581 | E56: =IF($A$1=0, 0, IF(B56<=$A$2, ($A$1/$A$2^2) *(2*$A$2-2*B56), ($A$1/(1-$A$2)^2)*(2*$A$2-2*B56))) -> 0.096262433 | F56: =IF($A$1=0, 0, ATAN(E56)) -> 0.095966738 | G56: =B56-D56*SIN(F56) -> 0.012975946 | H56: =C56+D56*COS(F56) -> 0.021976862 | I56: =B56+D56*SIN(F56) -> 0.016924587 | J56: =C56-D56*COS(F56) -> -0.019042686 | M56: =IF($Q$1, C56, -0.5) -> -0.5
B57: 0.015497433 | C57: =IF($A$1=0, 0, IF(B57<=$A$2, ($A$1/$A$2^2)*(2*$A$2*B57-B57^2), ($A$1/(1-$A$2)^2)*((1-2*$A$2)+2*$A$2*B57-B57^2))) -> 0.001519722 | D57: =IF($Q$3, 5*$A$3*(0.2969*SQRT(B57)-0.126*B57-0.3516*B57^2+0.2843*B57^3-0.1036*B57^4), 5*$A$3*(0.2969*SQRT(B57)-0.126*B57-0.3516*B57^2+0.2843*B57^3-0.1015*B57^4)) -> 0.020954774 | E57: =IF($A$1=0, 0, IF(B57<=$A$2, ($A$1/$A$2^2) *(2*$A$2-2*B57), ($A$1/(1-$A$2)^2)*(2*$A$2-2*B57))) -> 0.096125642 | F57: =IF($A$1=0, 0, ATAN(E57)) -> 0.095831201 | G57: =B57-D57*SIN(F57) -> 0.013492384 | H57: =C57+D57*COS(F57) -> 0.022378349 | I57: =B57+D57*SIN(F57) -> 0.017502482 | J57: =C57-D57*COS(F57) -> -0.019338905 | M57: =IF($Q$1, C57, -0.5) -> -0.5
B58: 0.016054356 | C58: =IF($A$1=0, 0, IF(B58<=$A$2, ($A$1/$A$2^2)*(2*$A$2*B58-B58^2), ($A$1/(1-$A$2)^2)*((1-2*$A$2)+2*$A$2*B58-B58^2))) -> 0.0015732178 | D58: =IF($Q$3, 5*$A$3*(0.2969*SQRT(B58)-0.126*B58-0.3516*B58^2+0.2843*B58^3-0.1036*B58^4), 5*$A$3*(0.2969*SQRT(B58)-0.126*B58-0.3516*B58^2+0.2843*B58^3-0.1015*B58^4)) -> 0.021303988 | E58: =IF($A$1=0, 0, IF(B58<=$A$2, ($A$1/$A$2^2) *(2*$A$2-2*B58), ($A$1/(1-$A$2)^2)*(2*$A$2-2*B58))) -> 0.095986411 | F58: =IF($A$1=0, 0, ATAN(E58)) -> 0.095693243 | G58: =B58-D58*SIN(F58) -> 0.014018818 | H58: =C58+D58*COS(F58) -> 0.022779738 | I58: =B58+D58*SIN(F58) -> 0.018089894 | J58: =C58-D58*COS(F58) -> -0.019633302 | M58: =IF($Q$1, C58, -0.5) -> -0.5
B59: 0.016621029 | C59: =IF($A$1=0, 0, IF(B59<=$A$2, ($A$1/$A$2^2)*(2*$A$2*B59-B59^2), ($A$1/(1-$A$2)^2)*((1-2*$A$2)+2*$A$2*B59-B59^2))) -> 0.0016275706 | D59: =IF($Q$3, 5*$A$3*(0.2969*SQRT(B59)-0.126*B59-0.3516*B59^2+0.2843*B59^3-0.1036*B59^4), 5*$A$3*(0.2969*SQRT(B59)-0.126*B59-0.3516*B59^2+0.2843*B59^3-0.1015*B59^4)) -> 0.021652216 | E59: =IF($A$1=0, 0, IF(B59<=$A$2, ($A$1/$A$2^2) *(2*$A$2-2*B59), ($A$1/(1-$A$2)^2)*(2*$A$2-2*B59))) -> 0.095844743 | F59: =IF($A$1=0, 0, ATAN(E59)) -> 0.095552866 | G59: =B59-D59*SIN(F59) -> 0.014555244 | H59: =C59+D59*COS(F59) -> 0.023181015 | I59: =B59+D59*SIN(F59) -> 0.018686813 | J59: =C59-D59*COS(F59) -> -0.019925874 | M59: =IF($Q$1, C59, -0.5) -> -0.5
B60: 0.017197446 | C60: =IF($A$1=0, 0, IF(B60<=$A$2, ($A$1/$A$2^2)*(2*$A$2*B60-B60^2), ($A$1/(1-$A$2)^2)*((1-2*$A$2)+2*$A$2*B60-B60^2))) -> 0.0016827756 | D60: =IF($Q$3, 5*$A$3*(0.2969*SQRT(B60)-0.126*B60-0.3516*B60^2+0.2843*B60^3-0.1036*B60^4), 5*$A$3*(0.2969*SQRT(B60)-0.126*B60-0.3516*B60^2+0.2843*B60^3-0.1015*B60^4)) -> 0.021999451 | E60: =IF($A$1=0, 0, IF(B60<=$A$2, ($A$1/$A$2^2) *(2*$A$2-2*B60), ($A$1/(1-$A$2)^2)*(2*$A$2-2*B60))) -> 0.095700639 | F60: =IF($A$1=0, 0, ATAN(E60)) -> 0.095410072 | G60: =B60-D60*SIN(F60) -> 0.01510166 | H60: =C60+D60*COS(F60) -> 0.023582171 | I60: =B60+D60*SIN(F60) -> 0.019293232 | J60: =C60-D60*COS(F60) -> -0.02021662 | M60: =IF($Q$1, C60, -0.5) -> -0.5
B61: 0.017783602 | C61: =IF($A$1=0, 0, IF(B61<=$A$2, ($A$1/$A$2^2)*(2*$A$2*B61-B61^2), ($A$1/(1-$A$2)^2)*((1-2*$A$2)+2*$A$2*B61-B61^2))) -> 0.0017388281 | D61: =IF($Q$3, 5*$A$3*(0.2969*SQRT(B61)-0.126*B61-0.3516*B61^2+0.2843*B61^3-0.1036*B61^4), 5*$A$3*(0.2969*SQRT(B61)-0.126*B61-0.3516*B61^2+0.2843*B61^3-0.1015*B61^4)) -> 0.022345686 | E61: =IF($A$1=0, 0, IF(B61<=$A$2, ($A$1/$A$2^2) *(2*$A$2-2*B61), ($A$1/(1-$A$2)^2)*(2*$A$2-2*B61))) -> 0.095554099 | F61: =IF($A$1=0, 0, ATAN(E61)) -> 0.095264861 | G61: =B61-D61*SIN(F61) -> 0.015658062 | H61: =C61+D61*COS(F61) -> 0.023983193 | I61: =B61+D61*SIN(F61) -> 0.019909142 | J61: =C61-D61*COS(F61) -> -0.020505536 | M61: =IF($Q$1, C61, -0.5) -> -0.5
B62: 0.018379491 | C62: =IF($A$1=0, 0, IF(B62<=$A$2, ($A$1/$A$2^2)*(2*$A$2*B62-B62^2), ($A$1/(1-$A$2)^2)*((1-2*$A$2)+2*$A$2*B62-B62^2))) -> 0.0017957234 | D62: =IF($Q$3, 5*$A$3*(0.2969*SQRT(B62)-0.126*B62-0.3516*B62^2+0.2843*B62^3-0.1036*B62^4), 5*$A$3*(0.2969*SQRT(B62)-0.126*B62-0.3516*B62^2+0.2843*B62^3-0.1015*B62^4)) -> 0.022690914 | E62: =IF($A$1=0, 0, IF(B62<=$A$2, ($A$1/$A$2^2) *(2*$A$2-2*B62), ($A$1/(1-$A$2)^2)*(2*$A$2-2*B62))) -> 0.095405127 | F62: =IF($A$1=0, 0, ATAN(E62)) -> 0.095117234 | G62: =B62-D62*SIN(F62) -> 0.016224447 | H62: =C62+D62*COS(F62) -> 0.024384069 | I62: =B62+D62*SIN(F62) -> 0.020534535 | J62: =C62-D62*COS(F62) -> -0.020792622 | M62: =IF($Q$1, C62, -0.5) -> -0.5
... B500: 1 | C500: =IF($A$1=0, 0, IF(B500<=$A$2, ($A$1/$A$2^2)*(2*$A$2*B500-B500^2), ($A$1/(1-$A$2)^2)*((1-2*$A$2)+2*$A$2*B500-B500^2))) -> 6.1679057e-18 | D500: =IF($Q$3, 5*$A$3*(0.2969*SQRT(B500)-0.126*B500-0.3516*B500^2+0.2843*B500^3-0.1036*B500^4), 5*$A$3*(0.2969*SQRT(B500)-0.126*B500-0.3516*B500^2+0.2843*B500^3-0.1015*B500^4)) -> 0.00126 | E500: =IF($A$1=0, 0, IF(B500<=$A$2, ($A$1/$A$2^2) *(2*$A$2-2*B500), ($A$1/(1-$A$2)^2)*(2*$A$2-2*B500))) -> -0.066666667 | F500: =IF($A$1=0, 0, ATAN(E500)) -> -0.066568164 | G500: =B500-D500*SIN(F500) -> 1.0000838 | H500: =C500+D500*COS(F500) -> 0.0012572093 | I500: =B500+D500*SIN(F500) -> 0.99991619 | J500: =C500-D500*COS(F500) -> -0.0012572093 | M500: =IF($Q$1, C500, -0.5) -> -0.5
G501: 1 | H501: 0 | I501: 1 | J501: 0

Sheet NACA_4-digit
A1: BACK | E1: Name | F1: =Data1!O1*1000+Data1!O2*100+Data1!O3 -> 2412
E2: Maximum Camber | F2: =IF(Data1!$P$1=1, "-", Data1!A1) -> 0.02 | H2: Leading-Edge Radius | I2: =Data1!R2 -> 0.01586693
E3: Position of Camber | F3: =IF(Data1!$P$1=1, "-", Data1!A2) -> 0.4 | H3: Trailing-Edge Angle | I3: =DEGREES(2*ATAN(1.16925*F4)) -> 15.97406
E4: Maximum Thickness | F4: =Data1!A3 -> 0.12

Sheet Data2
A1: 1000 | B1: {=1-COS((_xlfn.SEQUENCE(500,1,0,1)*PI())/(2*(500-1)))} -> 0 | C1: =IF(AND($Q$1=2, $A$3=1), 0, IF($T$3, 5*$A$7*(0.2969*SQRT(B1)-0.126*B1-0.3516*(B1^2)+0.2843*(B1^3)-0.1036*(B1^4)), 5*$A$7*(0.2969*SQRT(B1)-0.126*B1-0.3516*(B1^2)+0.2843*(B1^3)-0.1015*(B1^4)))) -> 0 | D1: =IF($Q$1=1, IF(B1<$A$8, ($A$10/6)*((B1^3)-3*$A$8*(B1^2)+($A$8^2)*(3-$A$8)*B1), (($A$10*($A$8^3))/6)*(1-B1)), " ") | E1: =IF($Q$1=1,IF(B1<$A$8, ($A$10/6)*(3*(B1^2)-6*$A$8*B1+($A$8^2)*(3-$A$8)), -($A$10*($A$8^3))/6), " ") | F1: =IF($Q$1=1, ATAN(E1), " ") | G1: =IF($Q$1=2, IF(A3<>1, IF(B1<$A$11, ($A$12/6)*((B1-$A$11)^3-$A$13*((1-$A$11)^3)*B1-($A$11^3)*B1+$A$11^3), ($A$12/6)*($A$13*(B1-$A$11)^3-$A$13*((1-$A$11)^3)*B1-($A$11^3)*B1+$A$11^3)), 0), " ") -> 0 | H1: =IF($Q$1=2, IF(A3<>1, IF(B1<$A$11, ($A$12/6)*(3*(B1-$A$11)^2-$A$13*((1-$A$11)^3)-($A$11^3)), ($A$12/6)*(3*$A$13*(B1-$A$11)^2-$A$13*((1-$A$11)^3)-($A$11^3))),0 ), " ") -> 0.33638763 | I1: =IF($Q$1=2, IF(A3<>1, ATAN(H1), 0), " ") -> 0.3244969 | J1: =IF($Q$1=1, D1, G1) -> 0 | K1: =IF($Q$1=1, F1, I1) -> 0.3244969 | L1: =B1-C1*SIN(K1) -> 0 | M1: =J1+C1*COS(K1) -> 0 | N1: =B1+C1*SIN(K1) -> 0 | O1: =J1-C1*COS(K1) -> 0 | P1: 0.2 | Q1: 2 | R1: =IF($T$1, J1, -0.5) -> -0.5 | T1: FALSE | U1: =ATAN(K1) -> 0.31377679 | V1: {=_xlfn.SEQUENCE(50, 1, 0, (2*PI())/(50-1))} -> 0 | W1: =$U$2*(COS($U$1)+COS(V1)) -> 0.030959151 | X1: =IF($T$2, $U$2*(SIN($U$1)+SIN(V1)), -0.5) -> -0.5
A2: 2 | B2: 4.9545967e-06 | C2: =IF(AND($Q$1=2, $A$3=1), 0, IF($T$3, 5*$A$7*(0.2969*SQRT(B2)-0.126*B2-0.3516*(B2^2)+0.2843*(B2^3)-0.1036*(B2^4)), 5*$A$7*(0.2969*SQRT(B2)-0.126*B2-0.3516*(B2^2)+0.2843*(B2^3)-0.1015*(B2^4)))) -> 0.00039614589 | D2: =IF($Q$1=1, IF(B2<$A$8, ($A$10/6)*((B2^3)-3*$A$8*(B2^2)+($A$8^2)*(3-$A$8)*B2), (($A$10*($A$8^3))/6)*(1-B2)), " ") | E2: =IF($Q$1=1,IF(B2<$A$8, ($A$10/6)*(3*(B2^2)-6*$A$8*B2+($A$8^2)*(3-$A$8)), -($A$10*($A$8^3))/6), " ") | F2: =IF($Q$1=1, ATAN(E2), " ") | G2: =IF($Q$1=2, IF(A4<>1, IF(B2<$A$11, ($A$12/6)*((B2-$A$11)^3-$A$13*((1-$A$11)^3)*B2-($A$11^3)*B2+$A$11^3), ($A$12/6)*($A$13*(B2-$A$11)^3-$A$13*((1-$A$11)^3)*B2-($A$11^3)*B2+$A$11^3)), 0), " ") -> 1.666623e-06 | H2: =IF($Q$1=2, IF(A4<>1, IF(B2<$A$11, ($A$12/6)*(3*(B2-$A$11)^2-$A$13*((1-$A$11)^3)-($A$11^3)), ($A$12/6)*(3*$A$13*(B2-$A$11)^2-$A$13*((1-$A$11)^3)-($A$11^3))),0 ), " ") -> 0.33637065 | I2: =IF($Q$1=2, IF(A4<>1, ATAN(H2), 0), " ") -> 0.32448164 | J2: =IF($Q$1=1, D2, G2) -> 1.666623e-06 | K2: =IF($Q$1=1, F2, I2) -> 0.32448164 | L2: =B2-C2*SIN(K2) -> -0.00012134365 | M2: =J2+C2*COS(K2) -> 0.00037714008 | N2: =B2+C2*SIN(K2) -> 0.00013125285 | O2: =J2-C2*COS(K2) -> -0.00037380683 | P2: =P1-(P1-P1*SQRT(P1/3)-$A$5)/(1-SQRT(3*P1)/2) -> 0.20267631 | R2: =IF($T$1, J2, -0.5) -> -0.5 | T2: FALSE | U2: =(0.2969^2/2)*(A7/0.2)^2 -> 0.01586693 | V2: 0.12822827 | W2: =$U$2*(COS($U$1)+COS(V2)) -> 0.030828884 | X2: =IF($T$2, $U$2*(SIN($U$1)+SIN(V2)), -0.5) -> -0.5
A3: 3 | B3: 1.9818338e-05 | C3: =IF(AND($Q$1=2, $A$3=1), 0, IF($T$3, 5*$A$7*(0.2969*SQRT(B3)-0.126*B3-0.3516*(B3^2)+0.2843*(B3^3)-0.1036*(B3^4)), 5*$A$7*(0.2969*SQRT(B3)-0.126*B3-0.3516*(B3^2)+0.2843*(B3^3)-0.1015*(B3^4)))) -> 0.00079154159 | D3: =IF($Q$1=1, IF(B3<$A$8, ($A$10/6)*((B3^3)-3*$A$8*(B3^2)+($A$8^2)*(3-$A$8)*B3), (($A$10*($A$8^3))/6)*(1-B3)), " ") | E3: =IF($Q$1=1,IF(B3<$A$8, ($A$10/6)*(3*(B3^2)-6*$A$8*B3+($A$8^2)*(3-$A$8)), -($A$10*($A$8^3))/6), " ") | F3: =IF($Q$1=1, ATAN(E3), " ") | G3: =IF($Q$1=2, IF(A5<>1, IF(B3<$A$11, ($A$12/6)*((B3-$A$11)^3-$A$13*((1-$A$11)^3)*B3-($A$11^3)*B3+$A$11^3), ($A$12/6)*($A$13*(B3-$A$11)^3-$A$13*((1-$A$11)^3)*B3-($A$11^3)*B3+$A$11^3)), 0), " ") -> 6.6659706e-06 | H3: =IF($Q$1=2, IF(A5<>1, IF(B3<$A$11, ($A$12/6)*(3*(B3-$A$11)^2-$A$13*((1-$A$11)^3)-($A$11^3)), ($A$12/6)*(3*$A$13*(B3-$A$11)^2-$A$13*((1-$A$11)^3)-($A$11^3))),0 ), " ") -> 0.33631971 | I3: =IF($Q$1=2, IF(A5<>1, ATAN(H3), 0), " ") -> 0.32443588 | J3: =IF($Q$1=1, D3, G3) -> 6.6659706e-06 | K3: =IF($Q$1=1, F3, I3) -> 0.32443588 | L3: =B3-C3*SIN(K3) -> -0.00023250466 | M3: =J3+C3*COS(K3) -> 0.00075691339 | N3: =B3+C3*SIN(K3) -> 0.00027214134 | O3: =J3-C3*COS(K3) -> -0.00074358145 | P3: =P2-(P2-P2*SQRT(P2/3)-$A$5)/(1-SQRT(3*P2)/2) -> 0.20268198 | R3: =IF($T$1, J3, -0.5) -> -0.5 | T3: FALSE | V3: 0.25645654 | W3: =$U$2*(COS($U$1)+COS(V3)) -> 0.030440221 | X3: =IF($T$2, $U$2*(SIN($U$1)+SIN(V3)), -0.5) -> -0.5
A4: 12 | B4: 4.4591076e-05 | C4: =IF(AND($Q$1=2, $A$3=1), 0, IF($T$3, 5*$A$7*(0.2969*SQRT(B4)-0.126*B4-0.3516*(B4^2)+0.2843*(B4^3)-0.1036*(B4^4)), 5*$A$7*(0.2969*SQRT(B4)-0.126*B4-0.3516*(B4^2)+0.2843*(B4^3)-0.1015*(B4^4)))) -> 0.0011861859 | D4: =IF($Q$1=1, IF(B4<$A$8, ($A$10/6)*((B4^3)-3*$A$8*(B4^2)+($A$8^2)*(3-$A$8)*B4), (($A$10*($A$8^3))/6)*(1-B4)), " ") | E4: =IF($Q$1=1,IF(B4<$A$8, ($A$10/6)*(3*(B4^2)-6*$A$8*B4+($A$8^2)*(3-$A$8)), -($A$10*($A$8^3))/6), " ") | F4: =IF($Q$1=1, ATAN(E4), " ") | G4: =IF($Q$1=2, IF(A6<>1, IF(B4<$A$11, ($A$12/6)*((B4-$A$11)^3-$A$13*((1-$A$11)^3)*B4-($A$11^3)*B4+$A$11^3), ($A$12/6)*($A$13*(B4-$A$11)^3-$A$13*((1-$A$11)^3)*B4-($A$11^3)*B4+$A$11^3)), 0), " ") -> 1.4996479e-05 | H4: =IF($Q$1=2, IF(A6<>1, IF(B4<$A$11, ($A$12/6)*(3*(B4-$A$11)^2-$A$13*((1-$A$11)^3)-($A$11^3)), ($A$12/6)*(3*$A$13*(B4-$A$11)^2-$A$13*((1-$A$11)^3)-($A$11^3))),0 ), " ") -> 0.33623483 | I4: =IF($Q$1=2, IF(A6<>1, ATAN(H4), 0), " ") -> 0.32435962 | J4: =IF($Q$1=1, D4, G4) -> 1.4996479e-05 | K4: =IF($Q$1=1, F4, I4) -> 0.32435962 | L4: =B4-C4*SIN(K4) -> -0.0003334486 | M4: =J4+C4*COS(K4) -> 0.0011393288 | N4: =B4+C4*SIN(K4) -> 0.00042263075 | O4: =J4-C4*COS(K4) -> -0.0011093358 | P4: =P3-(P3-P3*SQRT(P3/3)-$A$5)/(1-SQRT(3*P3)/2) -> 0.20268198 | R4: =IF($T$1, J4, -0.5) -> -0.5 | V4: 0.38468481 | W4: =$U$2*(COS($U$1)+COS(V4)) -> 0.029799544 | X4: =IF($T$2, $U$2*(SIN($U$1)+SIN(V4)), -0.5) -> -0.5
A5: =0.05*$A$3 -> 0.15 | B5: 7.9272565e-05 | C5: =IF(AND($Q$1=2, $A$3=1), 0, IF($T$3, 5*$A$7*(0.2969*SQRT(B5)-0.126*B5-0.3516*(B5^2)+0.2843*(B5^3)-0.1036*(B5^4)), 5*$A$7*(0.2969*SQRT(B5)-0.126*B5-0.3516*(B5^2)+0.2843*(B5^3)-0.1015*(B5^4)))) -> 0.0015800777 | D5: =IF($Q$1=1, IF(B5<$A$8, ($A$10/6)*((B5^3)-3*$A$8*(B5^2)+($A$8^2)*(3-$A$8)*B5), (($A$10*($A$8^3))/6)*(1-B5)), " ") | E5: =IF($Q$1=1,IF(B5<$A$8, ($A$10/6)*(3*(B5^2)-6*$A$8*B5+($A$8^2)*(3-$A$8)), -($A$10*($A$8^3))/6), " ") | F5: =IF($Q$1=1, ATAN(E5), " ") | G5: =IF($Q$1=2, IF(A7<>1, IF(B5<$A$11, ($A$12/6)*((B5-$A$11)^3-$A$13*((1-$A$11)^3)*B5-($A$11^3)*B5+$A$11^3), ($A$12/6)*($A$13*(B5-$A$11)^3-$A$13*((1-$A$11)^3)*B5-($A$11^3)*B5+$A$11^3)), 0), " ") -> 2.6655543e-05 | H5: =IF($Q$1=2, IF(A7<>1, IF(B5<$A$11, ($A$12/6)*(3*(B5-$A$11)^2-$A$13*((1-$A$11)^3)-($A$11^3)), ($A$12/6)*(3*$A$13*(B5-$A$11)^2-$A$13*((1-$A$11)^3)-($A$11^3))),0 ), " ") -> 0.33611601 | I5: =IF($Q$1=2, IF(A7<>1, ATAN(H5), 0), " ") -> 0.32425287 | J5: =IF($Q$1=1, D5, G5) -> 2.6655543e-05 | K5: =IF($Q$1=1, F5, I5) -> 0.32425287 | L5: =B5-C5*SIN(K5) -> -0.00042414125 | M5: =J5+C5*COS(K5) -> 0.0015243938 | N5: =B5+C5*SIN(K5) -> 0.00058268638 | O5: =J5-C5*COS(K5) -> -0.0014710828 | P5: =P4-(P4-P4*SQRT(P4/3)-$A$5)/(1-SQRT(3*P4)/2) -> 0.20268198 | R5: =IF($T$1, J5, -0.5) -> -0.5 | V5: 0.51291309 | W5: =$U$2*(COS($U$1)+COS(V5)) -> 0.028917374 | X5: =IF($T$2, $U$2*(SIN($U$1)+SIN(V5)), -0.5) -> -0.5
A6: =IF(Q1=1, A2/100, 0.02) -> 0.02 | B6: 0.00012386246 | C6: =IF(AND($Q$1=2, $A$3=1), 0, IF($T$3, 5*$A$7*(0.2969*SQRT(B6)-0.126*B6-0.3516*(B6^2)+0.2843*(B6^3)-0.1036*(B6^4)), 5*$A$7*(0.2969*SQRT(B6)-0.126*B6-0.3516*(B6^2)+0.2843*(B6^3)-0.1015*(B6^4)))) -> 0.0019732154 | D6: =IF($Q$1=1, IF(B6<$A$8, ($A$10/6)*((B6^3)-3*$A$8*(B6^2)+($A$8^2)*(3-$A$8)*B6), (($A$10*($A$8^3))/6)*(1-B6)), " ") | E6: =IF($Q$1=1,IF(B6<$A$8, ($A$10/6)*(3*(B6^2)-6*$A$8*B6+($A$8^2)*(3-$A$8)), -($A$10*($A$8^3))/6), " ") | F6: =IF($Q$1=1, ATAN(E6), " ") | G6: =IF($Q$1=2, IF(A8<>1, IF(B6<$A$11, ($A$12/6)*((B6-$A$11)^3-$A$13*((1-$A$11)^3)*B6-($A$11^3)*B6+$A$11^3), ($A$12/6)*($A$13*(B6-$A$11)^3-$A$13*((1-$A$11)^3)*B6-($A$11^3)*B6+$A$11^3)), 0), " ") -> 4.1639516e-05 | H6: =IF($Q$1=2, IF(A8<>1, IF(B6<$A$11, ($A$12/6)*(3*(B6-$A$11)^2-$A$13*((1-$A$11)^3)-($A$11^3)), ($A$12/6)*(3*$A$13*(B6-$A$11)^2-$A$13*((1-$A$11)^3)-($A$11^3))),0 ), " ") -> 0.33596326 | I6: =IF($Q$1=2, IF(A8<>1, ATAN(H6), 0), " ") -> 0.32411562 | J6: =IF($Q$1=1, D6, G6) -> 4.1639516e-05 | K6: =IF($Q$1=1, F6, I6) -> 0.32411562 | L6: =B6-C6*SIN(K6) -> -0.00050454859 | M6: =J6+C6*COS(K6) -> 0.001912115 | N6: =B6+C6*SIN(K6) -> 0.00075227352 | O6: =J6-C6*COS(K6) -> -0.001828836 | P6: =P5-(P5-P5*SQRT(P5/3)-$A$5)/(1-SQRT(3*P5)/2) -> 0.20268198 | R6: =IF($T$1, J6, -0.5) -> -0.5 | V6: 0.64114136 | W6: =$U$2*(COS($U$1)+COS(V6)) -> 0.027808195 | X6: =IF($T$2, $U$2*(SIN($U$1)+SIN(V6)), -0.5) -> -0.5
A7: =A4/100 -> 0.12 | B7: 0.00017836033 | C7: =IF(AND($Q$1=2, $A$3=1), 0, IF($T$3, 5*$A$7*(0.2969*SQRT(B7)-0.126*B7-0.3516*(B7^2)+0.2843*(B7^3)-0.1036*(B7^4)), 5*$A$7*(0.2969*SQRT(B7)-0.126*B7-0.3516*(B7^2)+0.2843*(B7^3)-0.1015*(B7^4)))) -> 0.0023655976 | D7: =IF($Q$1=1, IF(B7<$A$8, ($A$10/6)*((B7^3)-3*$A$8*(B7^2)+($A$8^2)*(3-$A$8)*B7), (($A$10*($A$8^3))/6)*(1-B7)), " ") | E7: =IF($Q$1=1,IF(B7<$A$8, ($A$10/6)*(3*(B7^2)-6*$A$8*B7+($A$8^2)*(3-$A$8)), -($A$10*($A$8^3))/6), " ") | F7: =IF($Q$1=1, ATAN(E7), " ") | G7: =IF($Q$1=2, IF(A9<>1, IF(B7<$A$11, ($A$12/6)*((B7-$A$11)^3-$A$13*((1-$A$11)^3)*B7-($A$11^3)*B7+$A$11^3), ($A$12/6)*($A$13*(B7-$A$11)^3-$A$13*((1-$A$11)^3)*B7-($A$11^3)*B7+$A$11^3)), 0), " ") -> 5.994371e-05 | H7: =IF($Q$1=2, IF(A9<>1, IF(B7<$A$11, ($A$12/6)*(3*(B7-$A$11)^2-$A$13*((1-$A$11)^3)-($A$11^3)), ($A$12/6)*(3*$A$13*(B7-$A$11)^2-$A$13*((1-$A$11)^3)-($A$11^3))),0 ), " ") -> 0.33577663 | I7: =IF($Q$1=2, IF(A9<>1, ATAN(H7), 0), " ") -> 0.3239479 | J7: =IF($Q$1=1, D7, G7) -> 5.994371e-05 | K7: =IF($Q$1=1, F7, I7) -> 0.3239479 | L7: =B7-C7*SIN(K7) -> -0.00057463682 | M7: =J7+C7*COS(K7) -> 0.0023024975 | N7: =B7+C7*SIN(K7) -> 0.00093135747 | O7: =J7-C7*COS(K7) -> -0.0021826101 | P7: =P6-(P6-P6*SQRT(P6/3)-$A$5)/(1-SQRT(3*P6)/2) -> 0.20268198 | R7: =IF($T$1, J7, -0.5) -> -0.5 | V7: 0.76936963 | W7: =$U$2*(COS($U$1)+COS(V7)) -> 0.02649022 | X7: =IF($T$2, $U$2*(SIN($U$1)+SIN(V7)), -0.5) -> -0.5
A8: =IF(Q1=1, IF(A3=1, 0.058, IF(A3=2, 0.126, IF(A3=3, 0.2025, IF(A3=4, 0.29, 0.391)))), 0) -> 0 | B8: 0.00024276562 | C8: =IF(AND($Q$1=2, $A$3=1), 0, IF($T$3, 5*$A$7*(0.2969*SQRT(B8)-0.126*B8-0.3516*(B8^2)+0.2843*(B8^3)-0.1036*(B8^4)), 5*$A$7*(0.2969*SQRT(B8)-0.126*B8-0.3516*(B8^2)+0.2843*(B8^3)-0.1015*(B8^4)))) -> 0.0027572227 | D8: =IF($Q$1=1, IF(B8<$A$8, ($A$10/6)*((B8^3)-3*$A$8*(B8^2)+($A$8^2)*(3-$A$8)*B8), (($A$10*($A$8^3))/6)*(1-B8)), " ") | E8: =IF($Q$1=1,IF(B8<$A$8, ($A$10/6)*(3*(B8^2)-6*$A$8*B8+($A$8^2)*(3-$A$8)), -($A$10*($A$8^3))/6), " ") | F8: =IF($Q$1=1, ATAN(E8), " ") | G8: =IF($Q$1=2, IF(A10<>1, IF(B8<$A$11, ($A$12/6)*((B8-$A$11)^3-$A$13*((1-$A$11)^3)*B8-($A$11^3)*B8+$A$11^3), ($A$12/6)*($A$13*(B8-$A$11)^3-$A$13*((1-$A$11)^3)*B8-($A$11^3)*B8+$A$11^3)), 0), " ") -> 8.15624e-05 | H8: =IF($Q$1=2, IF(A10<>1, IF(B8<$A$11, ($A$12/6)*(3*(B8-$A$11)^2-$A$13*((1-$A$11)^3)-($A$11^3)), ($A$12/6)*(3*$A$13*(B8-$A$11)^2-$A$13*((1-$A$11)^3)-($A$11^3))),0 ), " ") -> 0.33555612 | I8: =IF($Q$1=2, IF(A10<>1, ATAN(H8), 0), " ") -> 0.32374972 | J8: =IF($Q$1=1, D8, G8) -> 8.15624e-05 | K8: =IF($Q$1=1, F8, I8) -> 0.32374972 | L8: =B8-C8*SIN(K8) -> -0.00063437231 | M8: =J8+C8*COS(K8) -> 0.0026955452 | N8: =B8+C8*SIN(K8) -> 0.0011199035 | O8: =J8-C8*COS(K8) -> -0.0025324204 | P8: =P7-(P7-P7*SQRT(P7/3)-$A$5)/(1-SQRT(3*P7)/2) -> 0.20268198 | R8: =IF($T$1, J8, -0.5) -> -0.5 | V8: 0.8975979 | W8: =$U$2*(COS($U$1)+COS(V8)) -> 0.02498509 | X8: =IF($T$2, $U$2*(SIN($U$1)+SIN(V8)), -0.5) -> -0.5
A9: =IF(Q1=1, (3*A8-7*A8^2+8*A8^3-4*A8^4)/SQRT(A8-A8^2)-1.5*(1-2*A8)*(PI()/2-ASIN(1-2*A8)), 0) -> 0 | B9: 0.00031707769 | C9: =IF(AND($Q$1=2, $A$3=1), 0, IF($T$3, 5*$A$7*(0.2969*SQRT(B9)-0.126*B9-0.3516*(B9^2)+0.2843*(B9^3)-0.1036*(B9^4)), 5*$A$7*(0.2969*SQRT(B9)-0.126*B9-0.3516*(B9^2)+0.2843*(B9^3)-0.1015*(B9^4)))) -> 0.0031480889 | D9: =IF($Q$1=1, IF(B9<$A$8, ($A$10/6)*((B9^3)-3*$A$8*(B9^2)+($A$8^2)*(3-$A$8)*B9), (($A$10*($A$8^3))/6)*(1-B9)), " ") | E9: =IF($Q$1=1,IF(B9<$A$8, ($A$10/6)*(3*(B9^2)-6*$A$8*B9+($A$8^2)*(3-$A$8)), -($A$10*($A$8^3))/6), " ") | F9: =IF($Q$1=1, ATAN(E9), " ") | G9: =IF($Q$1=2, IF(A11<>1, IF(B9<$A$11, ($A$12/6)*((B9-$A$11)^3-$A$13*((1-$A$11)^3)*B9-($A$11^3)*B9+$A$11^3), ($A$12/6)*($A$13*(B9-$A$11)^3-$A$13*((1-$A$11)^3)*B9-($A$11^3)*B9+$A$11^3)), 0), " ") -> 0.00010648882 | H9: =IF($Q$1=2, IF(A11<>1, IF(B9<$A$11, ($A$12/6)*(3*(B9-$A$11)^2-$A$13*((1-$A$11)^3)-($A$11^3)), ($A$12/6)*(3*$A$13*(B9-$A$11)^2-$A$13*((1-$A$11)^3)-($A$11^3))),0 ), " ") -> 0.33530177 | I9: =IF($Q$1=2, IF(A11<>1, ATAN(H9), 0), " ") -> 0.3235211 | J9: =IF($Q$1=1, D9, G9) -> 0.00010648882 | K9: =IF($Q$1=1, F9, I9) -> 0.3235211 | L9: =B9-C9*SIN(K9) -> -0.00068372167 | M9: =J9+C9*COS(K9) -> 0.0030912609 | N9: =B9+C9*SIN(K9) -> 0.0013178771 | O9: =J9-C9*COS(K9) -> -0.0028782833 | P9: =P8-(P8-P8*SQRT(P8/3)-$A$5)/(1-SQRT(3*P8)/2) -> 0.20268198 | R9: =IF($T$1, J9, -0.5) -> -0.5 | V9: 1.0258262 | W9: =$U$2*(COS($U$1)+COS(V9)) -> 0.02331752 | X9: =IF($T$2, $U$2*(SIN($U$1)+SIN(V9)), -0.5) -> -0.5
A10: =IF(Q1=1, (6*0.15*A2)/A9, 0) -> 0 | B10: 0.00040129582 | C10: =IF(AND($Q$1=2, $A$3=1), 0, IF($T$3, 5*$A$7*(0.2969*SQRT(B10)-0.126*B10-0.3516*(B10^2)+0.2843*(B10^3)-0.1036*(B10^4)), 5*$A$7*(0.2969*SQRT(B10)-0.126*B10-0.3516*(B10^2)+0.2843*(B10^3)-0.1015*(B10^4)))) -> 0.0035381943 | D10: =IF($Q$1=1, IF(B10<$A$8, ($A$10/6)*((B10^3)-3*$A$8*(B10^2)+($A$8^2)*(3-$A$8)*B10), (($A$10*($A$8^3))/6)*(1-B10)), " ") | E10: =IF($Q$1=1,IF(B10<$A$8, ($A$10/6)*(3*(B10^2)-6*$A$8*B10+($A$8^2)*(3-$A$8)), -($A$10*($A$8^3))/6), " ") | F10: =IF($Q$1=1, ATAN(E10), " ") | G10: =IF($Q$1=2, IF(A12<>1, IF(B10<$A$11, ($A$12/6)*((B10-$A$11)^3-$A$13*((1-$A$11)^3)*B10-($A$11^3)*B10+$A$11^3), ($A$12/6)*($A$13*(B10-$A$11)^3-$A$13*((1-$A$11)^3)*B10-($A$11^3)*B10+$A$11^3)), 0), " ") -> 0.00013471517 | H10: =IF($Q$1=2, IF(A12<>1, IF(B10<$A$11, ($A$12/6)*(3*(B10-$A$11)^2-$A$13*((1-$A$11)^3)-($A$11^3)), ($A$12/6)*(3*$A$13*(B10-$A$11)^2-$A$13*((1-$A$11)^3)-($A$11^3))),0 ), " ") -> 0.33501363 | I10: =IF($Q$1=2, IF(A12<>1, ATAN(H10), 0), " ") -> 0.32326206 | J10: =IF($Q$1=1, D10, G10) -> 0.00013471517 | K10: =IF($Q$1=1, F10, I10) -> 0.32326206 | L10: =B10-C10*SIN(K10) -> -0.00072265174 | M10: =J10+C10*COS(K10) -> 0.003489646 | N10: =B10+C10*SIN(K10) -> 0.0015252434 | O10: =J10-C10*COS(K10) -> -0.0032202157 | P10: =P9-(P9-P9*SQRT(P9/3)-$A$5)/(1-SQRT(3*P9)/2) -> 0.20268198 | R10: =IF($T$1, J10, -0.5) -> -0.5 | V10: 1.1540544 | W10: =$U$2*(COS($U$1)+COS(V10)) -> 0.02151489 | X10: =IF($T$2, $U$2*(SIN($U$1)+SIN(V10)), -0.5) -> -0.5
A11: =IF(Q1=2, IF(A3=2, 0.13, IF(A3=3, 0.217, IF(A3=4, 0.318, IF(A3=5, 0.441, 0)))), 0) -> 0.217 | B11: 0.00049541917 | C11: =IF(AND($Q$1=2, $A$3=1), 0, IF($T$3, 5*$A$7*(0.2969*SQRT(B11)-0.126*B11-0.3516*(B11^2)+0.2843*(B11^3)-0.1036*(B11^4)), 5*$A$7*(0.2969*SQRT(B11)-0.126*B11-0.3516*(B11^2)+0.2843*(B11^3)-0.1015*(B11^4)))) -> 0.0039275371 | D11: =IF($Q$1=1, IF(B11<$A$8, ($A$10/6)*((B11^3)-3*$A$8*(B11^2)+($A$8^2)*(3-$A$8)*B11), (($A$10*($A$8^3))/6)*(1-B11)), " ") | E11: =IF($Q$1=1,IF(B11<$A$8, ($A$10/6)*(3*(B11^2)-6*$A$8*B11+($A$8^2)*(3-$A$8)), -($A$10*($A$8^3))/6), " ") | F11: =IF($Q$1=1, ATAN(E11), " ") | G11: =IF($Q$1=2, IF(A13<>1, IF(B11<$A$11, ($A$12/6)*((B11-$A$11)^3-$A$13*((1-$A$11)^3)*B11-($A$11^3)*B11+$A$11^3), ($A$12/6)*($A$13*(B11-$A$11)^3-$A$13*((1-$A$11)^3)*B11-($A$11^3)*B11+$A$11^3)), 0), " ") -> 0.00016623263 | H11: =IF($Q$1=2, IF(A13<>1, IF(B11<$A$11, ($A$12/6)*(3*(B11-$A$11)^2-$A$13*((1-$A$11)^3)-($A$11^3)), ($A$12/6)*(3*$A$13*(B11-$A$11)^2-$A$13*((1-$A$11)^3)-($A$11^3))),0 ), " ") -> 0.33469173 | I11: =IF($Q$1=2, IF(A13<>1, ATAN(H11), 0), " ") -> 0.32297261 | J11: =IF($Q$1=1, D11, G11) -> 0.00016623263 | K11: =IF($Q$1=1, F11, I11) -> 0.32297261 | L11: =B11-C11*SIN(K11) -> -0.00075112954 | M11: =J11+C11*COS(K11) -> 0.0038907009 | N11: =B11+C11*SIN(K11) -> 0.0017419679 | O11: =J11-C11*COS(K11) -> -0.0035582356 | P11: =P10-(P10-P10*SQRT(P10/3)-$A$5)/(1-SQRT(3*P10)/2) -> 0.20268198 | R11: =IF($T$1, J11, -0.5) -> -0.5 | V11: 1.2822827 | W11: =$U$2*(COS($U$1)+COS(V11)) -> 0.0196068 | X11: =IF($T$2, $U$2*(SIN($U$1)+SIN(V11)), -0.5) -> -0.5
A12: =IF(Q1=2, IF(A3=2, 51.99, IF(A3=3, 15.793, IF(A3=4, 6.52, IF(A3=5, 3.191,0)))), 0) -> 15.793 | B12: 0.0005994468 | C12: =IF(AND($Q$1=2, $A$3=1), 0, IF($T$3, 5*$A$7*(0.2969*SQRT(B12)-0.126*B12-0.3516*(B12^2)+0.2843*(B12^3)-0.1036*(B12^4)), 5*$A$7*(0.2969*SQRT(B12)-0.126*B12-0.3516*(B12^2)+0.2843*(B12^3)-0.1015*(B12^4)))) -> 0.004316115 | D12: =IF($Q$1=1, IF(B12<$A$8, ($A$10/6)*((B12^3)-3*$A$8*(B12^2)+($A$8^2)*(3-$A$8)*B12), (($A$10*($A$8^3))/6)*(1-B12)), " ") | E12: =IF($Q$1=1,IF(B12<$A$8, ($A$10/6)*(3*(B12^2)-6*$A$8*B12+($A$8^2)*(3-$A$8)), -($A$10*($A$8^3))/6), " ") | F12: =IF($Q$1=1, ATAN(E12), " ") | G12: =IF($Q$1=2, IF(A14<>1, IF(B12<$A$11, ($A$12/6)*((B12-$A$11)^3-$A$13*((1-$A$11)^3)*B12-($A$11^3)*B12+$A$11^3), ($A$12/6)*($A$13*(B12-$A$11)^3-$A$13*((1-$A$11)^3)*B12-($A$11^3)*B12+$A$11^3)), 0), " ") -> 0.00020103132 | H12: =IF($Q$1=2, IF(A14<>1, IF(B12<$A$11, ($A$12/6)*(3*(B12-$A$11)^2-$A$13*((1-$A$11)^3)-($A$11^3)), ($A$12/6)*(3*$A$13*(B12-$A$11)^2-$A$13*((1-$A$11)^3)-($A$11^3))),0 ), " ") -> 0.33433611 | I12: =IF($Q$1=2, IF(A14<>1, ATAN(H12), 0), " ") -> 0.32265279 | J12: =IF($Q$1=1, D12, G12) -> 0.00020103132 | K12: =IF($Q$1=1, F12, I12) -> 0.32265279 | L12: =B12-C12*SIN(K12) -> -0.00076912236 | M12: =J12+C12*COS(K12) -> 0.0042944244 | N12: =B12+C12*SIN(K12) -> 0.0019680159 | O12: =J12-C12*COS(K12) -> -0.0038923618 | P12: =P11-(P11-P11*SQRT(P11/3)-$A$5)/(1-SQRT(3*P11)/2) -> 0.20268198 | R12: =IF($T$1, J12, -0.5) -> -0.5 | V12: 1.410511 | W12: =$U$2*(COS($U$1)+COS(V12)) -> 0.017624582 | X12: =IF($T$2, $U$2*(SIN($U$1)+SIN(V12)), -0.5) -> -0.5
A13: =IF(Q1=2, IF(A3<>1, IF(A3=2, 0.000764,IF(A3=3, 0.00677,IF(A3=4, 0.0303, 0.1355))), 0), 0) -> 0.00677 | B13: 0.00071337768 | C13: =IF(AND($Q$1=2, $A$3=1), 0, IF($T$3, 5*$A$7*(0.2969*SQRT(B13)-0.126*B13-0.3516*(B13^2)+0.2843*(B13^3)-0.1036*(B13^4)), 5*$A$7*(0.2969*SQRT(B13)-0.126*B13-0.3516*(B13^2)+0.2843*(B13^3)-0.1015*(B13^4)))) -> 0.0047039259 | D13: =IF($Q$1=1, IF(B13<$A$8, ($A$10/6)*((B13^3)-3*$A$8*(B13^2)+($A$8^2)*(3-$A$8)*B13), (($A$10*($A$8^3))/6)*(1-B13)), " ") | E13: =IF($Q$1=1,IF(B13<$A$8, ($A$10/6)*(3*(B13^2)-6*$A$8*B13+($A$8^2)*(3-$A$8)), -($A$10*($A$8^3))/6), " ") | F13: =IF($Q$1=1, ATAN(E13), " ") | G13: =IF($Q$1=2, IF(A15<>1, IF(B13<$A$11, ($A$12/6)*((B13-$A$11)^3-$A$13*((1-$A$11)^3)*B13-($A$11^3)*B13+$A$11^3), ($A$12/6)*($A$13*(B13-$A$11)^3-$A$13*((1-$A$11)^3)*B13-($A$11^3)*B13+$A$11^3)), 0), " ") -> 0.00023910035 | H13: =IF($Q$1=2, IF(A15<>1, IF(B13<$A$11, ($A$12/6)*(3*(B13-$A$11)^2-$A$13*((1-$A$11)^3)-($A$11^3)), ($A$12/6)*(3*$A$13*(B13-$A$11)^2-$A$13*((1-$A$11)^3)-($A$11^3))),0 ), " ") -> 0.33394684 | I13: =IF($Q$1=2, IF(A15<>1, ATAN(H13), 0), " ") -> 0.32230261 | J13: =IF($Q$1=1, D13, G13) -> 0.00023910035 | K13: =IF($Q$1=1, F13, I13) -> 0.32230261 | L13: =B13-C13*SIN(K13) -> -0.00077659767 | M13: =J13+C13*COS(K13) -> 0.0047008145 | N13: =B13+C13*SIN(K13) -> 0.002203353 | O13: =J13-C13*COS(K13) -> -0.0042226138 | P13: =P12-(P12-P12*SQRT(P12/3)-$A$5)/(1-SQRT(3*P12)/2) -> 0.20268198 | R13: =IF($T$1, J13, -0.5) -> -0.5 | V13: 1.5387393 | W13: =$U$2*(COS($U$1)+COS(V13)) -> 0.015600781 | X13: =IF($T$2, $U$2*(SIN($U$1)+SIN(V13)), -0.5) -> -0.5
A14: =IF(Q1=2, 0.3, 0.15*A2) -> 0.3 | B14: 0.00083721069 | C14: =IF(AND($Q$1=2, $A$3=1), 0, IF($T$3, 5*$A$7*(0.2969*SQRT(B14)-0.126*B14-0.3516*(B14^2)+0.2843*(B14^3)-0.1036*(B14^4)), 5*$A$7*(0.2969*SQRT(B14)-0.126*B14-0.3516*(B14^2)+0.2843*(B14^3)-0.1015*(B14^4)))) -> 0.0050909675 | D14: =IF($Q$1=1, IF(B14<$A$8, ($A$10/6)*((B14^3)-3*$A$8*(B14^2)+($A$8^2)*(3-$A$8)*B14), (($A$10*($A$8^3))/6)*(1-B14)), " ") | E14: =IF($Q$1=1,IF(B14<$A$8, ($A$10/6)*(3*(B14^2)-6*$A$8*B14+($A$8^2)*(3-$A$8)), -($A$10*($A$8^3))/6), " ") | F14: =IF($Q$1=1, ATAN(E14), " ") | G14: =IF($Q$1=2, IF(A16<>1, IF(B14<$A$11, ($A$12/6)*((B14-$A$11)^3-$A$13*((1-$A$11)^3)*B14-($A$11^3)*B14+$A$11^3), ($A$12/6)*($A$13*(B14-$A$11)^3-$A$13*((1-$A$11)^3)*B14-($A$11^3)*B14+$A$11^3)), 0), " ") -> 0.0002804278 | H14: =IF($Q$1=2, IF(A16<>1, IF(B14<$A$11, ($A$12/6)*(3*(B14-$A$11)^2-$A$13*((1-$A$11)^3)-($A$11^3)), ($A$12/6)*(3*$A$13*(B14-$A$11)^2-$A$13*((1-$A$11)^3)-($A$11^3))),0 ), " ") -> 0.33352398 | I14: =IF($Q$1=2, IF(A16<>1, ATAN(H14), 0), " ") -> 0.32192212 | J14: =IF($Q$1=1, D14, G14) -> 0.0002804278 | K14: =IF($Q$1=1, F14, I14) -> 0.32192212 | L14: =B14-C14*SIN(K14) -> -0.00077352321 | M14: =J14+C14*COS(K14) -> 0.0051098674 | N14: =B14+C14*SIN(K14) -> 0.0024479446 | O14: =J14-C14*COS(K14) -> -0.0045490118 | P14: =P13-(P13-P13*SQRT(P13/3)-$A$5)/(1-SQRT(3*P13)/2) -> 0.20268198 | R14: =IF($T$1, J14, -0.5) -> -0.5 | V14: 1.6669675 | W14: =$U$2*(COS($U$1)+COS(V14)) -> 0.013568631 | X14: =IF($T$2, $U$2*(SIN($U$1)+SIN(V14)), -0.5) -> -0.5
B15: 0.00097094459 | C15: =IF(AND($Q$1=2, $A$3=1), 0, IF($T$3, 5*$A$7*(0.2969*SQRT(B15)-0.126*B15-0.3516*(B15^2)+0.2843*(B15^3)-0.1036*(B15^4)), 5*$A$7*(0.2969*SQRT(B15)-0.126*B15-0.3516*(B15^2)+0.2843*(B15^3)-0.1015*(B15^4)))) -> 0.0054772374 | D15: =IF($Q$1=1, IF(B15<$A$8, ($A$10/6)*((B15^3)-3*$A$8*(B15^2)+($A$8^2)*(3-$A$8)*B15), (($A$10*($A$8^3))/6)*(1-B15)), " ") | E15: =IF($Q$1=1,IF(B15<$A$8, ($A$10/6)*(3*(B15^2)-6*$A$8*B15+($A$8^2)*(3-$A$8)), -($A$10*($A$8^3))/6), " ") | F15: =IF($Q$1=1, ATAN(E15), " ") | G15: =IF($Q$1=2, IF(A17<>1, IF(B15<$A$11, ($A$12/6)*((B15-$A$11)^3-$A$13*((1-$A$11)^3)*B15-($A$11^3)*B15+$A$11^3), ($A$12/6)*($A$13*(B15-$A$11)^3-$A$13*((1-$A$11)^3)*B15-($A$11^3)*B15+$A$11^3)), 0), " ") -> 0.00032500075 | H15: =IF($Q$1=2, IF(A17<>1, IF(B15<$A$11, ($A$12/6)*(3*(B15-$A$11)^2-$A$13*((1-$A$11)^3)-($A$11^3)), ($A$12/6)*(3*$A$13*(B15-$A$11)^2-$A$13*((1-$A$11)^3)-($A$11^3))),0 ), " ") -> 0.33306757 | I15: =IF($Q$1=2, IF(A17<>1, ATAN(H15), 0), " ") -> 0.32151135 | J15: =IF($Q$1=1, D15, G15) -> 0.00032500075 | K15: =IF($Q$1=1, F15, I15) -> 0.32151135 | L15: =B15-C15*SIN(K15) -> -0.00075986694 | M15: =J15+C15*COS(K15) -> 0.0055215785 | N15: =B15+C15*SIN(K15) -> 0.0027017561 | O15: =J15-C15*COS(K15) -> -0.004871577 | P15: =P14-(P14-P14*SQRT(P14/3)-$A$5)/(1-SQRT(3*P14)/2) -> 0.20268198 | R15: =IF($T$1, J15, -0.5) -> -0.5 | V15: 1.7951958 | W15: =$U$2*(COS($U$1)+COS(V15)) -> 0.011561497 | X15: =IF($T$2, $U$2*(SIN($U$1)+SIN(V15)), -0.5) -> -0.5
B16: 0.0011145781 | C16: =IF(AND($Q$1=2, $A$3=1), 0, IF($T$3, 5*$A$7*(0.2969*SQRT(B16)-0.126*B16-0.3516*(B16^2)+0.2843*(B16^3)-0.1036*(B16^4)), 5*$A$7*(0.2969*SQRT(B16)-0.126*B16-0.3516*(B16^2)+0.2843*(B16^3)-0.1015*(B16^4)))) -> 0.0058627329 | D16: =IF($Q$1=1, IF(B16<$A$8, ($A$10/6)*((B16^3)-3*$A$8*(B16^2)+($A$8^2)*(3-$A$8)*B16), (($A$10*($A$8^3))/6)*(1-B16)), " ") | E16: =IF($Q$1=1,IF(B16<$A$8, ($A$10/6)*(3*(B16^2)-6*$A$8*B16+($A$8^2)*(3-$A$8)), -($A$10*($A$8^3))/6), " ") | F16: =IF($Q$1=1, ATAN(E16), " ") | G16: =IF($Q$1=2, IF(A18<>1, IF(B16<$A$11, ($A$12/6)*((B16-$A$11)^3-$A$13*((1-$A$11)^3)*B16-($A$11^3)*B16+$A$11^3), ($A$12/6)*($A$13*(B16-$A$11)^3-$A$13*((1-$A$11)^3)*B16-($A$11^3)*B16+$A$11^3)), 0), " ") -> 0.00037280521 | H16: =IF($Q$1=2, IF(A18<>1, IF(B16<$A$11, ($A$12/6)*(3*(B16-$A$11)^2-$A$13*((1-$A$11)^3)-($A$11^3)), ($A$12/6)*(3*$A$13*(B16-$A$11)^2-$A$13*((1-$A$11)^3)-($A$11^3))),0 ), " ") -> 0.33257769 | I16: =IF($Q$1=2, IF(A18<>1, ATAN(H16), 0), " ") -> 0.32107032 | J16: =IF($Q$1=1, D16, G16) -> 0.00037280521 | K16: =IF($Q$1=1, F16, I16) -> 0.32107032 | L16: =B16-C16*SIN(K16) -> -0.00073559706 | M16: =J16+C16*COS(K16) -> 0.0059359418 | N16: =B16+C16*SIN(K16) -> 0.0029647532 | O16: =J16-C16*COS(K16) -> -0.0051903314 | P16: =P15-(P15-P15*SQRT(P15/3)-$A$5)/(1-SQRT(3*P15)/2) -> 0.20268198 | R16: =IF($T$1, J16, -0.5) -> -0.5 | V16: 1.9234241 | W16: =$U$2*(COS($U$1)+COS(V16)) -> 0.0096123381 | X16: =IF($T$2, $U$2*(SIN($U$1)+SIN(V16)), -0.5) -> -0.5
B17: 0.0012681097 | C17: =IF(AND($Q$1=2, $A$3=1), 0, IF($T$3, 5*$A$7*(0.2969*SQRT(B17)-0.126*B17-0.3516*(B17^2)+0.2843*(B17^3)-0.1036*(B17^4)), 5*$A$7*(0.2969*SQRT(B17)-0.126*B17-0.3516*(B17^2)+0.2843*(B17^3)-0.1015*(B17^4)))) -> 0.0062474514 | D17: =IF($Q$1=1, IF(B17<$A$8, ($A$10/6)*((B17^3)-3*$A$8*(B17^2)+($A$8^2)*(3-$A$8)*B17), (($A$10*($A$8^3))/6)*(1-B17)), " ") | E17: =IF($Q$1=1,IF(B17<$A$8, ($A$10/6)*(3*(B17^2)-6*$A$8*B17+($A$8^2)*(3-$A$8)), -($A$10*($A$8^3))/6), " ") | F17: =IF($Q$1=1, ATAN(E17), " ") | G17: =IF($Q$1=2, IF(A19<>1, IF(B17<$A$11, ($A$12/6)*((B17-$A$11)^3-$A$13*((1-$A$11)^3)*B17-($A$11^3)*B17+$A$11^3), ($A$12/6)*($A$13*(B17-$A$11)^3-$A$13*((1-$A$11)^3)*B17-($A$11^3)*B17+$A$11^3)), 0), " ") -> 0.00042382623 | H17: =IF($Q$1=2, IF(A19<>1, IF(B17<$A$11, ($A$12/6)*(3*(B17-$A$11)^2-$A$13*((1-$A$11)^3)-($A$11^3)), ($A$12/6)*(3*$A$13*(B17-$A$11)^2-$A$13*((1-$A$11)^3)-($A$11^3))),0 ), " ") -> 0.33205441 | I17: =IF($Q$1=2, IF(A19<>1, ATAN(H17), 0), " ") -> 0.32059908 | J17: =IF($Q$1=1, D17, G17) -> 0.00042382623 | K17: =IF($Q$1=1, F17, I17) -> 0.32059908 | L17: =B17-C17*SIN(K17) -> -0.00070068202 | M17: =J17+C17*COS(K17) -> 0.00635295 | N17: =B17+C17*SIN(K17) -> 0.0032369014 | O17: =J17-C17*COS(K17) -> -0.0055052975 | P17: =P16-(P16-P16*SQRT(P16/3)-$A$5)/(1-SQRT(3*P16)/2) -> 0.20268198 | R17: =IF($T$1, J17, -0.5) -> -0.5 | V17: 2.0516523 | W17: =$U$2*(COS($U$1)+COS(V17)) -> 0.0077531586 | X17: =IF($T$2, $U$2*(SIN($U$1)+SIN(V17)), -0.5) -> -0.5
B18: 0.0014315379 | C18: =IF(AND($Q$1=2, $A$3=1), 0, IF($T$3, 5*$A$7*(0.2969*SQRT(B18)-0.126*B18-0.3516*(B18^2)+0.2843*(B18^3)-0.1036*(B18^4)), 5*$A$7*(0.2969*SQRT(B18)-0.126*B18-0.3516*(B18^2)+0.2843*(B18^3)-0.1015*(B18^4)))) -> 0.0066313902 | D18: =IF($Q$1=1, IF(B18<$A$8, ($A$10/6)*((B18^3)-3*$A$8*(B18^2)+($A$8^2)*(3-$A$8)*B18), (($A$10*($A$8^3))/6)*(1-B18)), " ") | E18: =IF($Q$1=1,IF(B18<$A$8, ($A$10/6)*(3*(B18^2)-6*$A$8*B18+($A$8^2)*(3-$A$8)), -($A$10*($A$8^3))/6), " ") | F18: =IF($Q$1=1, ATAN(E18), " ") | G18: =IF($Q$1=2, IF(A20<>1, IF(B18<$A$11, ($A$12/6)*((B18-$A$11)^3-$A$13*((1-$A$11)^3)*B18-($A$11^3)*B18+$A$11^3), ($A$12/6)*($A$13*(B18-$A$11)^3-$A$13*((1-$A$11)^3)*B18-($A$11^3)*B18+$A$11^3)), 0), " ") -> 0.00047804782 | H18: =IF($Q$1=2, IF(A20<>1, IF(B18<$A$11, ($A$12/6)*(3*(B18-$A$11)^2-$A$13*((1-$A$11)^3)-($A$11^3)), ($A$12/6)*(3*$A$13*(B18-$A$11)^2-$A$13*((1-$A$11)^3)-($A$11^3))),0 ), " ") -> 0.33149782 | I18: =IF($Q$1=2, IF(A20<>1, ATAN(H18), 0), " ") -> 0.32009768 | J18: =IF($Q$1=1, D18, G18) -> 0.00047804782 | K18: =IF($Q$1=1, F18, I18) -> 0.32009768 | L18: =B18-C18*SIN(K18) -> -0.00065509052 | M18: =J18+C18*COS(K18) -> 0.0067725945 | N18: =B18+C18*SIN(K18) -> 0.0035181664 | O18: =J18-C18*COS(K18) -> -0.0058164989 | P18: =P17-(P17-P17*SQRT(P17/3)-$A$5)/(1-SQRT(3*P17)/2) -> 0.20268198 | R18: =IF($T$1, J18, -0.5) -> -0.5 | V18: 2.1798806 | W18: =$U$2*(COS($U$1)+COS(V18)) -> 0.0060144863 | X18: =IF($T$2, $U$2*(SIN($U$1)+SIN(V18)), -0.5) -> -0.5
B19: 0.0016048612 | C19: =IF(AND($Q$1=2, $A$3=1), 0, IF($T$3, 5*$A$7*(0.2969*SQRT(B19)-0.126*B19-0.3516*(B19^2)+0.2843*(B19^3)-0.1036*(B19^4)), 5*$A$7*(0.2969*SQRT(B19)-0.126*B19-0.3516*(B19^2)+0.2843*(B19^3)-0.1015*(B19^4)))) -> 0.0070145463 | D19: =IF($Q$1=1, IF(B19<$A$8, ($A$10/6)*((B19^3)-3*$A$8*(B19^2)+($A$8^2)*(3-$A$8)*B19), (($A$10*($A$8^3))/6)*(1-B19)), " ") | E19: =IF($Q$1=1,IF(B19<$A$8, ($A$10/6)*(3*(B19^2)-6*$A$8*B19+($A$8^2)*(3-$A$8)), -($A$10*($A$8^3))/6), " ") | F19: =IF($Q$1=1, ATAN(E19), " ") | G19: =IF($Q$1=2, IF(A21<>1, IF(B19<$A$11, ($A$12/6)*((B19-$A$11)^3-$A$13*((1-$A$11)^3)*B19-($A$11^3)*B19+$A$11^3), ($A$12/6)*($A$13*(B19-$A$11)^3-$A$13*((1-$A$11)^3)*B19-($A$11^3)*B19+$A$11^3)), 0), " ") -> 0.00053545298 | H19: =IF($Q$1=2, IF(A21<>1, IF(B19<$A$11, ($A$12/6)*(3*(B19-$A$11)^2-$A$13*((1-$A$11)^3)-($A$11^3)), ($A$12/6)*(3*$A$13*(B19-$A$11)^2-$A$13*((1-$A$11)^3)-($A$11^3))),0 ), " ") -> 0.33090798 | I19: =IF($Q$1=2, IF(A21<>1, ATAN(H19), 0), " ") -> 0.31956615 | J19: =IF($Q$1=1, D19, G19) -> 0.00053545298 | K19: =IF($Q$1=1, F19, I19) -> 0.31956615 | L19: =B19-C19*SIN(K19) -> -0.00059879152 | M19: =J19+C19*COS(K19) -> 0.0071948655 | N19: =B19+C19*SIN(K19) -> 0.0038085139 | O19: =J19-C19*COS(K19) -> -0.0061239595 | P19: =P18-(P18-P18*SQRT(P18/3)-$A$5)/(1-SQRT(3*P18)/2) -> 0.20268198 | R19: =IF($T$1, J19, -0.5) -> -0.5 | V19: 2.3081089 | W19: =$U$2*(COS($U$1)+COS(V19)) -> 0.0044248702 | X19: =IF($T$2, $U$2*(SIN($U$1)+SIN(V19)), -0.5) -> -0.5
B20: 0.0017880778 | C20: =IF(AND($Q$1=2, $A$3=1), 0, IF($T$3, 5*$A$7*(0.2969*SQRT(B20)-0.126*B20-0.3516*(B20^2)+0.2843*(B20^3)-0.1036*(B20^4)), 5*$A$7*(0.2969*SQRT(B20)-0.126*B20-0.3516*(B20^2)+0.2843*(B20^3)-0.1015*(B20^4)))) -> 0.0073969168 | D20: =IF($Q$1=1, IF(B20<$A$8, ($A$10/6)*((B20^3)-3*$A$8*(B20^2)+($A$8^2)*(3-$A$8)*B20), (($A$10*($A$8^3))/6)*(1-B20)), " ") | E20: =IF($Q$1=1,IF(B20<$A$8, ($A$10/6)*(3*(B20^2)-6*$A$8*B20+($A$8^2)*(3-$A$8)), -($A$10*($A$8^3))/6), " ") | F20: =IF($Q$1=1, ATAN(E20), " ") | G20: =IF($Q$1=2, IF(A22<>1, IF(B20<$A$11, ($A$12/6)*((B20-$A$11)^3-$A$13*((1-$A$11)^3)*B20-($A$11^3)*B20+$A$11^3), ($A$12/6)*($A$13*(B20-$A$11)^3-$A$13*((1-$A$11)^3)*B20-($A$11^3)*B20+$A$11^3)), 0), " ") -> 0.00059602372 | H20: =IF($Q$1=2, IF(A22<>1, IF(B20<$A$11, ($A$12/6)*(3*(B20-$A$11)^2-$A$13*((1-$A$11)^3)-($A$11^3)), ($A$12/6)*(3*$A$13*(B20-$A$11)^2-$A$13*((1-$A$11)^3)-($A$11^3))),0 ), " ") -> 0.33028499 | I20: =IF($Q$1=2, IF(A22<>1, ATAN(H20), 0), " ") -> 0.31900454 | J20: =IF($Q$1=1, D20, G20) -> 0.00059602372 | K20: =IF($Q$1=1, F20, I20) -> 0.31900454 | L20: =B20-C20*SIN(K20) -> -0.00053175423 | M20: =J20+C20*COS(K20) -> 0.0076197519 | N20: =B20+C20*SIN(K20) -> 0.0041079097 | O20: =J20-C20*COS(K20) -> -0.0064277045 | P20: =P19-(P19-P19*SQRT(P19/3)-$A$5)/(1-SQRT(3*P19)/2) -> 0.20268198 | R20: =IF($T$1, J20, -0.5) -> -0.5 | V20: 2.4363372 | W20: =$U$2*(COS($U$1)+COS(V20)) -> 0.0030104116 | X20: =IF($T$2, $U$2*(SIN($U$1)+SIN(V20)), -0.5) -> -0.5
B21: 0.0019811858 | C21: =IF(AND($Q$1=2, $A$3=1), 0, IF($T$3, 5*$A$7*(0.2969*SQRT(B21)-0.126*B21-0.3516*(B21^2)+0.2843*(B21^3)-0.1036*(B21^4)), 5*$A$7*(0.2969*SQRT(B21)-0.126*B21-0.3516*(B21^2)+0.2843*(B21^3)-0.1015*(B21^4)))) -> 0.0077784985 | D21: =IF($Q$1=1, IF(B21<$A$8, ($A$10/6)*((B21^3)-3*$A$8*(B21^2)+($A$8^2)*(3-$A$8)*B21), (($A$10*($A$8^3))/6)*(1-B21)), " ") | E21: =IF($Q$1=1,IF(B21<$A$8, ($A$10/6)*(3*(B21^2)-6*$A$8*B21+($A$8^2)*(3-$A$8)), -($A$10*($A$8^3))/6), " ") | F21: =IF($Q$1=1, ATAN(E21), " ") | G21: =IF($Q$1=2, IF(A23<>1, IF(B21<$A$11, ($A$12/6)*((B21-$A$11)^3-$A$13*((1-$A$11)^3)*B21-($A$11^3)*B21+$A$11^3), ($A$12/6)*($A$13*(B21-$A$11)^3-$A$13*((1-$A$11)^3)*B21-($A$11^3)*B21+$A$11^3)), 0), " ") -> 0.00065974105 | H21: =IF($Q$1=2, IF(A23<>1, IF(B21<$A$11, ($A$12/6)*(3*(B21-$A$11)^2-$A$13*((1-$A$11)^3)-($A$11^3)), ($A$12/6)*(3*$A$13*(B21-$A$11)^2-$A$13*((1-$A$11)^3)-($A$11^3))),0 ), " ") -> 0.32962894 | I21: =IF($Q$1=2, IF(A23<>1, ATAN(H21), 0), " ") -> 0.3184129 | J21: =IF($Q$1=1, D21, G21) -> 0.00065974105 | K21: =IF($Q$1=1, F21, I21) -> 0.3184129 | L21: =B21-C21*SIN(K21) -> -0.00045394812 | M21: =J21+C21*COS(K21) -> 0.0080472414 | N21: =B21+C21*SIN(K21) -> 0.0044163197 | O21: =J21-C21*COS(K21) -> -0.0067277593 | R21: =IF($T$1, J21, -0.5) -> -0.5 | V21: 2.5645654 | W21: =$U$2*(COS($U$1)+COS(V21)) -> 0.0017943361 | X21: =IF($T$2, $U$2*(SIN($U$1)+SIN(V21)), -0.5) -> -0.5
B22: 0.0021841834 | C22: =IF(AND($Q$1=2, $A$3=1), 0, IF($T$3, 5*$A$7*(0.2969*SQRT(B22)-0.126*B22-0.3516*(B22^2)+0.2843*(B22^3)-0.1036*(B22^4)), 5*$A$7*(0.2969*SQRT(B22)-0.126*B22-0.3516*(B22^2)+0.2843*(B22^3)-0.1015*(B22^4)))) -> 0.0081592881 | D22: =IF($Q$1=1, IF(B22<$A$8, ($A$10/6)*((B22^3)-3*$A$8*(B22^2)+($A$8^2)*(3-$A$8)*B22), (($A$10*($A$8^3))/6)*(1-B22)), " ") | E22: =IF($Q$1=1,IF(B22<$A$8, ($A$10/6)*(3*(B22^2)-6*$A$8*B22+($A$8^2)*(3-$A$8)), -($A$10*($A$8^3))/6), " ") | F22: =IF($Q$1=1, ATAN(E22), " ") | G22: =IF($Q$1=2, IF(A24<>1, IF(B22<$A$11, ($A$12/6)*((B22-$A$11)^3-$A$13*((1-$A$11)^3)*B22-($A$11^3)*B22+$A$11^3), ($A$12/6)*($A$13*(B22-$A$11)^3-$A$13*((1-$A$11)^3)*B22-($A$11^3)*B22+$A$11^3)), 0), " ") -> 0.00072658498 | H22: =IF($Q$1=2, IF(A24<>1, IF(B22<$A$11, ($A$12/6)*(3*(B22-$A$11)^2-$A$13*((1-$A$11)^3)-($A$11^3)), ($A$12/6)*(3*$A$13*(B22-$A$11)^2-$A$13*((1-$A$11)^3)-($A$11^3))),0 ), " ") -> 0.32893993 | I22: =IF($Q$1=2, IF(A24<>1, ATAN(H22), 0), " ") -> 0.31779129 | J22: =IF($Q$1=1, D22, G22) -> 0.00072658498 | K22: =IF($Q$1=1, F22, I22) -> 0.31779129 | L22: =B22-C22*SIN(K22) -> -0.00036534294 | M22: =J22+C22*COS(K22) -> 0.0084773203 | N22: =B22+C22*SIN(K22) -> 0.0047337097 | O22: =J22-C22*COS(K22) -> -0.0070241503 | R22: =IF($T$1, J22, -0.5) -> -0.5 | V22: 2.6927937 | W22: =$U$2*(COS($U$1)+COS(V22)) -> 0.00079661142 | X22: =IF($T$2, $U$2*(SIN($U$1)+SIN(V22)), -0.5) -> -0.5
B23: 0.0023970685 | C23: =IF(AND($Q$1=2, $A$3=1), 0, IF($T$3, 5*$A$7*(0.2969*SQRT(B23)-0.126*B23-0.3516*(B23^2)+0.2843*(B23^3)-0.1036*(B23^4)), 5*$A$7*(0.2969*SQRT(B23)-0.126*B23-0.3516*(B23^2)+0.2843*(B23^3)-0.1015*(B23^4)))) -> 0.0085392824 | D23: =IF($Q$1=1, IF(B23<$A$8, ($A$10/6)*((B23^3)-3*$A$8*(B23^2)+($A$8^2)*(3-$A$8)*B23), (($A$10*($A$8^3))/6)*(1-B23)), " ") | E23: =IF($Q$1=1,IF(B23<$A$8, ($A$10/6)*(3*(B23^2)-6*$A$8*B23+($A$8^2)*(3-$A$8)), -($A$10*($A$8^3))/6), " ") | F23: =IF($Q$1=1, ATAN(E23), " ") | G23: =IF($Q$1=2, IF(A25<>1, IF(B23<$A$11, ($A$12/6)*((B23-$A$11)^3-$A$13*((1-$A$11)^3)*B23-($A$11^3)*B23+$A$11^3), ($A$12/6)*($A$13*(B23-$A$11)^3-$A$13*((1-$A$11)^3)*B23-($A$11^3)*B23+$A$11^3)), 0), " ") -> 0.00079653455 | H23: =IF($Q$1=2, IF(A25<>1, IF(B23<$A$11, ($A$12/6)*(3*(B23-$A$11)^2-$A$13*((1-$A$11)^3)-($A$11^3)), ($A$12/6)*(3*$A$13*(B23-$A$11)^2-$A$13*((1-$A$11)^3)-($A$11^3))),0 ), " ") -> 0.32821805 | I23: =IF($Q$1=2, IF(A25<>1, ATAN(H23), 0), " ") -> 0.31713976 | J23: =IF($Q$1=1, D23, G23) -> 0.00079653455 | K23: =IF($Q$1=1, F23, I23) -> 0.31713976 | L23: =B23-C23*SIN(K23) -> -0.00026590872 | M23: =J23+C23*COS(K23) -> 0.0089099738 | N23: =B23+C23*SIN(K23) -> 0.0050600457 | O23: =J23-C23*COS(K23) -> -0.0073169047 | R23: =IF($T$1, J23, -0.5) -> -0.5 | V23: 2.821022 | W23: =$U$2*(COS($U$1)+COS(V23)) -> 3.3620283e-05 | X23: =IF($T$2, $U$2*(SIN($U$1)+SIN(V23)), -0.5) -> -0.5
B24: 0.0026198391 | C24: =IF(AND($Q$1=2, $A$3=1), 0, IF($T$3, 5*$A$7*(0.2969*SQRT(B24)-0.126*B24-0.3516*(B24^2)+0.2843*(B24^3)-0.1036*(B24^4)), 5*$A$7*(0.2969*SQRT(B24)-0.126*B24-0.3516*(B24^2)+0.2843*(B24^3)-0.1015*(B24^4)))) -> 0.0089184778 | D24: =IF($Q$1=1, IF(B24<$A$8, ($A$10/6)*((B24^3)-3*$A$8*(B24^2)+($A$8^2)*(3-$A$8)*B24), (($A$10*($A$8^3))/6)*(1-B24)), " ") | E24: =IF($Q$1=1,IF(B24<$A$8, ($A$10/6)*(3*(B24^2)-6*$A$8*B24+($A$8^2)*(3-$A$8)), -($A$10*($A$8^3))/6), " ") | F24: =IF($Q$1=1, ATAN(E24), " ") | G24: =IF($Q$1=2, IF(A26<>1, IF(B24<$A$11, ($A$12/6)*((B24-$A$11)^3-$A$13*((1-$A$11)^3)*B24-($A$11^3)*B24+$A$11^3), ($A$12/6)*($A$13*(B24-$A$11)^3-$A$13*((1-$A$11)^3)*B24-($A$11^3)*B24+$A$11^3)), 0), " ") -> 0.00086956781 | H24: =IF($Q$1=2, IF(A26<>1, IF(B24<$A$11, ($A$12/6)*(3*(B24-$A$11)^2-$A$13*((1-$A$11)^3)-($A$11^3)), ($A$12/6)*(3*$A$13*(B24-$A$11)^2-$A$13*((1-$A$11)^3)-($A$11^3))),0 ), " ") -> 0.32746343 | I24: =IF($Q$1=2, IF(A26<>1, ATAN(H24), 0), " ") -> 0.31645837 | J24: =IF($Q$1=1, D24, G24) -> 0.00086956781 | K24: =IF($Q$1=1, F24, I24) -> 0.31645837 | L24: =B24-C24*SIN(K24) -> -0.00015561576 | M24: =J24+C24*COS(K24) -> 0.0093451856 | N24: =B24+C24*SIN(K24) -> 0.0053952939 | O24: =J24-C24*COS(K24) -> -0.00760605 | R24: =IF($T$1, J24, -0.5) -> -0.5 | V24: 2.9492502 | W24: =$U$2*(COS($U$1)+COS(V24)) -> -0.00048210904 | X24: =IF($T$2, $U$2*(SIN($U$1)+SIN(V24)), -0.5) -> -0.5
B25: 0.0028524929 | C25: =IF(AND($Q$1=2, $A$3=1), 0, IF($T$3, 5*$A$7*(0.2969*SQRT(B25)-0.126*B25-0.3516*(B25^2)+0.2843*(B25^3)-0.1036*(B25^4)), 5*$A$7*(0.2969*SQRT(B25)-0.126*B25-0.3516*(B25^2)+0.2843*(B25^3)-0.1015*(B25^4)))) -> 0.0092968709 | D25: =IF($Q$1=1, IF(B25<$A$8, ($A$10/6)*((B25^3)-3*$A$8*(B25^2)+($A$8^2)*(3-$A$8)*B25), (($A$10*($A$8^3))/6)*(1-B25)), " ") | E25: =IF($Q$1=1,IF(B25<$A$8, ($A$10/6)*(3*(B25^2)-6*$A$8*B25+($A$8^2)*(3-$A$8)), -($A$10*($A$8^3))/6), " ") | F25: =IF($Q$1=1, ATAN(E25), " ") | G25: =IF($Q$1=2, IF(A27<>1, IF(B25<$A$11, ($A$12/6)*((B25-$A$11)^3-$A$13*((1-$A$11)^3)*B25-($A$11^3)*B25+$A$11^3), ($A$12/6)*($A$13*(B25-$A$11)^3-$A$13*((1-$A$11)^3)*B25-($A$11^3)*B25+$A$11^3)), 0), " ") -> 0.00094566182 | H25: =IF($Q$1=2, IF(A27<>1, IF(B25<$A$11, ($A$12/6)*(3*(B25-$A$11)^2-$A$13*((1-$A$11)^3)-($A$11^3)), ($A$12/6)*(3*$A$13*(B25-$A$11)^2-$A$13*((1-$A$11)^3)-($A$11^3))),0 ), " ") -> 0.32667616 | I25: =IF($Q$1=2, IF(A27<>1, ATAN(H25), 0), " ") -> 0.31574718 | J25: =IF($Q$1=1, D25, G25) -> 0.00094566182 | K25: =IF($Q$1=1, F25, I25) -> 0.31574718 | L25: =B25-C25*SIN(K25) -> -3.4434656e-05 | M25: =J25+C25*COS(K25) -> 0.0097829384 | N25: =B25+C25*SIN(K25) -> 0.0057394205 | O25: =J25-C25*COS(K25) -> -0.0078916148 | R25: =IF($T$1, J25, -0.5) -> -0.5 | V25: 3.0774785 | W25: =$U$2*(COS($U$1)+COS(V25)) -> -0.00074210829 | X25: =IF($T$2, $U$2*(SIN($U$1)+SIN(V25)), -0.5) -> -0.5
B26: 0.0030950276 | C26: =IF(AND($Q$1=2, $A$3=1), 0, IF($T$3, 5*$A$7*(0.2969*SQRT(B26)-0.126*B26-0.3516*(B26^2)+0.2843*(B26^3)-0.1036*(B26^4)), 5*$A$7*(0.2969*SQRT(B26)-0.126*B26-0.3516*(B26^2)+0.2843*(B26^3)-0.1015*(B26^4)))) -> 0.0096744579 | D26: =IF($Q$1=1, IF(B26<$A$8, ($A$10/6)*((B26^3)-3*$A$8*(B26^2)+($A$8^2)*(3-$A$8)*B26), (($A$10*($A$8^3))/6)*(1-B26)), " ") | E26: =IF($Q$1=1,IF(B26<$A$8, ($A$10/6)*(3*(B26^2)-6*$A$8*B26+($A$8^2)*(3-$A$8)), -($A$10*($A$8^3))/6), " ") | F26: =IF($Q$1=1, ATAN(E26), " ") | G26: =IF($Q$1=2, IF(A28<>1, IF(B26<$A$11, ($A$12/6)*((B26-$A$11)^3-$A$13*((1-$A$11)^3)*B26-($A$11^3)*B26+$A$11^3), ($A$12/6)*($A$13*(B26-$A$11)^3-$A$13*((1-$A$11)^3)*B26-($A$11^3)*B26+$A$11^3)), 0), " ") -> 0.0010247927 | H26: =IF($Q$1=2, IF(A28<>1, IF(B26<$A$11, ($A$12/6)*(3*(B26-$A$11)^2-$A$13*((1-$A$11)^3)-($A$11^3)), ($A$12/6)*(3*$A$13*(B26-$A$11)^2-$A$13*((1-$A$11)^3)-($A$11^3))),0 ), " ") -> 0.32585636 | I26: =IF($Q$1=2, IF(A28<>1, ATAN(H26), 0), " ") -> 0.31500625 | J26: =IF($Q$1=1, D26, G26) -> 0.0010247927 | K26: =IF($Q$1=1, F26, I26) -> 0.31500625 | L26: =B26-C26*SIN(K26) -> 9.7663721e-05 | M26: =J26+C26*COS(K26) -> 0.010223213 | N26: =B26+C26*SIN(K26) -> 0.0060923916 | O26: =J26-C26*COS(K26) -> -0.0081736281 | R26: =IF($T$1, J26, -0.5) -> -0.5 | V26: 3.2057068 | W26: =$U$2*(COS($U$1)+COS(V26)) -> -0.00074210829 | X26: =IF($T$2, $U$2*(SIN($U$1)+SIN(V26)), -0.5) -> -0.5
B27: 0.0033474409 | C27: =IF(AND($Q$1=2, $A$3=1), 0, IF($T$3, 5*$A$7*(0.2969*SQRT(B27)-0.126*B27-0.3516*(B27^2)+0.2843*(B27^3)-0.1036*(B27^4)), 5*$A$7*(0.2969*SQRT(B27)-0.126*B27-0.3516*(B27^2)+0.2843*(B27^3)-0.1015*(B27^4)))) -> 0.010051235 | D27: =IF($Q$1=1, IF(B27<$A$8, ($A$10/6)*((B27^3)-3*$A$8*(B27^2)+($A$8^2)*(3-$A$8)*B27), (($A$10*($A$8^3))/6)*(1-B27)), " ") | E27: =IF($Q$1=1,IF(B27<$A$8, ($A$10/6)*(3*(B27^2)-6*$A$8*B27+($A$8^2)*(3-$A$8)), -($A$10*($A$8^3))/6), " ") | F27: =IF($Q$1=1, ATAN(E27), " ") | G27: =IF($Q$1=2, IF(A29<>1, IF(B27<$A$11, ($A$12/6)*((B27-$A$11)^3-$A$13*((1-$A$11)^3)*B27-($A$11^3)*B27+$A$11^3), ($A$12/6)*($A$13*(B27-$A$11)^3-$A$13*((1-$A$11)^3)*B27-($A$11^3)*B27+$A$11^3)), 0), " ") -> 0.0011069356 | H27: =IF($Q$1=2, IF(A29<>1, IF(B27<$A$11, ($A$12/6)*(3*(B27-$A$11)^2-$A$13*((1-$A$11)^3)-($A$11^3)), ($A$12/6)*(3*$A$13*(B27-$A$11)^2-$A$13*((1-$A$11)^3)-($A$11^3))),0 ), " ") -> 0.32500416 | I27: =IF($Q$1=2, IF(A29<>1, ATAN(H27), 0), " ") -> 0.31423566 | J27: =IF($Q$1=1, D27, G27) -> 0.0011069356 | K27: =IF($Q$1=1, F27, I27) -> 0.31423566 | L27: =B27-C27*SIN(K27) -> 0.00024070819 | M27: =J27+C27*COS(K27) -> 0.010665991 | N27: =B27+C27*SIN(K27) -> 0.0064541736 | O27: =J27-C27*COS(K27) -> -0.0084521196 | R27: =IF($T$1, J27, -0.5) -> -0.5 | V27: 3.3339351 | W27: =$U$2*(COS($U$1)+COS(V27)) -> -0.00048210904 | X27: =IF($T$2, $U$2*(SIN($U$1)+SIN(V27)), -0.5) -> -0.5
B28: 0.0036097302 | C28: =IF(AND($Q$1=2, $A$3=1), 0, IF($T$3, 5*$A$7*(0.2969*SQRT(B28)-0.126*B28-0.3516*(B28^2)+0.2843*(B28^3)-0.1036*(B28^4)), 5*$A$7*(0.2969*SQRT(B28)-0.126*B28-0.3516*(B28^2)+0.2843*(B28^3)-0.1015*(B28^4)))) -> 0.010427198 | D28: =IF($Q$1=1, IF(B28<$A$8, ($A$10/6)*((B28^3)-3*$A$8*(B28^2)+($A$8^2)*(3-$A$8)*B28), (($A$10*($A$8^3))/6)*(1-B28)), " ") | E28: =IF($Q$1=1,IF(B28<$A$8, ($A$10/6)*(3*(B28^2)-6*$A$8*B28+($A$8^2)*(3-$A$8)), -($A$10*($A$8^3))/6), " ") | F28: =IF($Q$1=1, ATAN(E28), " ") | G28: =IF($Q$1=2, IF(A30<>1, IF(B28<$A$11, ($A$12/6)*((B28-$A$11)^3-$A$13*((1-$A$11)^3)*B28-($A$11^3)*B28+$A$11^3), ($A$12/6)*($A$13*(B28-$A$11)^3-$A$13*((1-$A$11)^3)*B28-($A$11^3)*B28+$A$11^3)), 0), " ") -> 0.0011920647 | H28: =IF($Q$1=2, IF(A30<>1, IF(B28<$A$11, ($A$12/6)*(3*(B28-$A$11)^2-$A$13*((1-$A$11)^3)-($A$11^3)), ($A$12/6)*(3*$A$13*(B28-$A$11)^2-$A$13*((1-$A$11)^3)-($A$11^3))),0 ), " ") -> 0.32411968 | I28: =IF($Q$1=2, IF(A30<>1, ATAN(H28), 0), " ") -> 0.31343548 | J28: =IF($Q$1=1, D28, G28) -> 0.0011920647 | K28: =IF($Q$1=1, F28, I28) -> 0.31343548 | L28: =B28-C28*SIN(K28) -> 0.00039472726 | M28: =J28+C28*COS(K28) -> 0.011111249 | N28: =B28+C28*SIN(K28) -> 0.0068247331 | O28: =J28-C28*COS(K28) -> -0.0087271198 | R28: =IF($T$1, J28, -0.5) -> -0.5 | V28: 3.4621633 | W28: =$U$2*(COS($U$1)+COS(V28)) -> 3.3620283e-05 | X28: =IF($T$2, $U$2*(SIN($U$1)+SIN(V28)), -0.5) -> -0.5
B29: 0.0038818929 | C29: =IF(AND($Q$1=2, $A$3=1), 0, IF($T$3, 5*$A$7*(0.2969*SQRT(B29)-0.126*B29-0.3516*(B29^2)+0.2843*(B29^3)-0.1036*(B29^4)), 5*$A$7*(0.2969*SQRT(B29)-0.126*B29-0.3516*(B29^2)+0.2843*(B29^3)-0.1015*(B29^4)))) -> 0.010802344 | D29: =IF($Q$1=1, IF(B29<$A$8, ($A$10/6)*((B29^3)-3*$A$8*(B29^2)+($A$8^2)*(3-$A$8)*B29), (($A$10*($A$8^3))/6)*(1-B29)), " ") | E29: =IF($Q$1=1,IF(B29<$A$8, ($A$10/6)*(3*(B29^2)-6*$A$8*B29+($A$8^2)*(3-$A$8)), -($A$10*($A$8^3))/6), " ") | F29: =IF($Q$1=1, ATAN(E29), " ") | G29: =IF($Q$1=2, IF(A31<>1, IF(B29<$A$11, ($A$12/6)*((B29-$A$11)^3-$A$13*((1-$A$11)^3)*B29-($A$11^3)*B29+$A$11^3), ($A$12/6)*($A$13*(B29-$A$11)^3-$A$13*((1-$A$11)^3)*B29-($A$11^3)*B29+$A$11^3)), 0), " ") -> 0.0012801532 | H29: =IF($Q$1=2, IF(A31<>1, IF(B29<$A$11, ($A$12/6)*(3*(B29-$A$11)^2-$A$13*((1-$A$11)^3)-($A$11^3)), ($A$12/6)*(3*$A$13*(B29-$A$11)^2-$A$13*((1-$A$11)^3)-($A$11^3))),0 ), " ") -> 0.32320306 | I29: =IF($Q$1=2, IF(A31<>1, ATAN(H29), 0), " ") -> 0.31260577 | J29: =IF($Q$1=1, D29, G29) -> 0.0012801532 | K29: =IF($Q$1=1, F29, I29) -> 0.31260577 | L29: =B29-C29*SIN(K29) -> 0.00055974914 | M29: =J29+C29*COS(K29) -> 0.011558966 | N29: =B29+C29*SIN(K29) -> 0.0072040367 | O29: =J29-C29*COS(K29) -> -0.0089986596 | R29: =IF($T$1, J29, -0.5) -> -0.5 | V29: 3.5903916 | W29: =$U$2*(COS($U$1)+COS(V29)) -> 0.00079661142 | X29: =IF($T$2, $U$2*(SIN($U$1)+SIN(V29)), -0.5) -> -0.5
B30: 0.0041639263 | C30: =IF(AND($Q$1=2, $A$3=1), 0, IF($T$3, 5*$A$7*(0.2969*SQRT(B30)-0.126*B30-0.3516*(B30^2)+0.2843*(B30^3)-0.1036*(B30^4)), 5*$A$7*(0.2969*SQRT(B30)-0.126*B30-0.3516*(B30^2)+0.2843*(B30^3)-0.1015*(B30^4)))) -> 0.011176667 | D30: =IF($Q$1=1, IF(B30<$A$8, ($A$10/6)*((B30^3)-3*$A$8*(B30^2)+($A$8^2)*(3-$A$8)*B30), (($A$10*($A$8^3))/6)*(1-B30)), " ") | E30: =IF($Q$1=1,IF(B30<$A$8, ($A$10/6)*(3*(B30^2)-6*$A$8*B30+($A$8^2)*(3-$A$8)), -($A$10*($A$8^3))/6), " ") | F30: =IF($Q$1=1, ATAN(E30), " ") | G30: =IF($Q$1=2, IF(A32<>1, IF(B30<$A$11, ($A$12/6)*((B30-$A$11)^3-$A$13*((1-$A$11)^3)*B30-($A$11^3)*B30+$A$11^3), ($A$12/6)*($A$13*(B30-$A$11)^3-$A$13*((1-$A$11)^3)*B30-($A$11^3)*B30+$A$11^3)), 0), " ") -> 0.0013711735 | H30: =IF($Q$1=2, IF(A32<>1, IF(B30<$A$11, ($A$12/6)*(3*(B30-$A$11)^2-$A$13*((1-$A$11)^3)-($A$11^3)), ($A$12/6)*(3*$A$13*(B30-$A$11)^2-$A$13*((1-$A$11)^3)-($A$11^3))),0 ), " ") -> 0.32225443 | I30: =IF($Q$1=2, IF(A32<>1, ATAN(H30), 0), " ") -> 0.31174662 | J30: =IF($Q$1=1, D30, G30) -> 0.0013711735 | K30: =IF($Q$1=1, F30, I30) -> 0.31174662 | L30: =B30-C30*SIN(K30) -> 0.00073580172 | M30: =J30+C30*COS(K30) -> 0.012009118 | N30: =B30+C30*SIN(K30) -> 0.007592051 | O30: =J30-C30*COS(K30) -> -0.0092667707 | R30: =IF($T$1, J30, -0.5) -> -0.5 | V30: 3.7186199 | W30: =$U$2*(COS($U$1)+COS(V30)) -> 0.0017943361 | X30: =IF($T$2, $U$2*(SIN($U$1)+SIN(V30)), -0.5) -> -0.5
B31: 0.0044558277 | C31: =IF(AND($Q$1=2, $A$3=1), 0, IF($T$3, 5*$A$7*(0.2969*SQRT(B31)-0.126*B31-0.3516*(B31^2)+0.2843*(B31^3)-0.1036*(B31^4)), 5*$A$7*(0.2969*SQRT(B31)-0.126*B31-0.3516*(B31^2)+0.2843*(B31^3)-0.1015*(B31^4)))) -> 0.011550165 | D31: =IF($Q$1=1, IF(B31<$A$8, ($A$10/6)*((B31^3)-3*$A$8*(B31^2)+($A$8^2)*(3-$A$8)*B31), (($A$10*($A$8^3))/6)*(1-B31)), " ") | E31: =IF($Q$1=1,IF(B31<$A$8, ($A$10/6)*(3*(B31^2)-6*$A$8*B31+($A$8^2)*(3-$A$8)), -($A$10*($A$8^3))/6), " ") | F31: =IF($Q$1=1, ATAN(E31), " ") | G31: =IF($Q$1=2, IF(A33<>1, IF(B31<$A$11, ($A$12/6)*((B31-$A$11)^3-$A$13*((1-$A$11)^3)*B31-($A$11^3)*B31+$A$11^3), ($A$12/6)*($A$13*(B31-$A$11)^3-$A$13*((1-$A$11)^3)*B31-($A$11^3)*B31+$A$11^3)), 0), " ") -> 0.0014650969 | H31: =IF($Q$1=2, IF(A33<>1, IF(B31<$A$11, ($A$12/6)*(3*(B31-$A$11)^2-$A$13*((1-$A$11)^3)-($A$11^3)), ($A$12/6)*(3*$A$13*(B31-$A$11)^2-$A$13*((1-$A$11)^3)-($A$11^3))),0 ), " ") -> 0.32127393 | I31: =IF($Q$1=2, IF(A33<>1, ATAN(H31), 0), " ") -> 0.31085811 | J31: =IF($Q$1=1, D31, G31) -> 0.0014650969 | K31: =IF($Q$1=1, F31, I31) -> 0.31085811 | L31: =B31-C31*SIN(K31) -> 0.00092291256 | M31: =J31+C31*COS(K31) -> 0.012461679 | N31: =B31+C31*SIN(K31) -> 0.0079887428 | O31: =J31-C31*COS(K31) -> -0.0095314853 | R31: =IF($T$1, J31, -0.5) -> -0.5 | V31: 3.8468481 | W31: =$U$2*(COS($U$1)+COS(V31)) -> 0.0030104116 | X31: =IF($T$2, $U$2*(SIN($U$1)+SIN(V31)), -0.5) -> -0.5
B32: 0.0047575941 | C32: =IF(AND($Q$1=2, $A$3=1), 0, IF($T$3, 5*$A$7*(0.2969*SQRT(B32)-0.126*B32-0.3516*(B32^2)+0.2843*(B32^3)-0.1036*(B32^4)), 5*$A$7*(0.2969*SQRT(B32)-0.126*B32-0.3516*(B32^2)+0.2843*(B32^3)-0.1015*(B32^4)))) -> 0.011922832 | D32: =IF($Q$1=1, IF(B32<$A$8, ($A$10/6)*((B32^3)-3*$A$8*(B32^2)+($A$8^2)*(3-$A$8)*B32), (($A$10*($A$8^3))/6)*(1-B32)), " ") | E32: =IF($Q$1=1,IF(B32<$A$8, ($A$10/6)*(3*(B32^2)-6*$A$8*B32+($A$8^2)*(3-$A$8)), -($A$10*($A$8^3))/6), " ") | F32: =IF($Q$1=1, ATAN(E32), " ") | G32: =IF($Q$1=2, IF(A34<>1, IF(B32<$A$11, ($A$12/6)*((B32-$A$11)^3-$A$13*((1-$A$11)^3)*B32-($A$11^3)*B32+$A$11^3), ($A$12/6)*($A$13*(B32-$A$11)^3-$A$13*((1-$A$11)^3)*B32-($A$11^3)*B32+$A$11^3)), 0), " ") -> 0.0015618938 | H32: =IF($Q$1=2, IF(A34<>1, IF(B32<$A$11, ($A$12/6)*(3*(B32-$A$11)^2-$A$13*((1-$A$11)^3)-($A$11^3)), ($A$12/6)*(3*$A$13*(B32-$A$11)^2-$A$13*((1-$A$11)^3)-($A$11^3))),0 ), " ") -> 0.3202617 | I32: =IF($Q$1=2, IF(A34<>1, ATAN(H32), 0), " ") -> 0.30994032 | J32: =IF($Q$1=1, D32, G32) -> 0.0015618938 | K32: =IF($Q$1=1, F32, I32) -> 0.30994032 | L32: =B32-C32*SIN(K32) -> 0.0011211089 | M32: =J32+C32*COS(K32) -> 0.012916624 | N32: =B32+C32*SIN(K32) -> 0.0083940793 | O32: =J32-C32*COS(K32) -> -0.0097928363 | R32: =IF($T$1, J32, -0.5) -> -0.5 | V32: 3.9750764 | W32: =$U$2*(COS($U$1)+COS(V32)) -> 0.0044248702 | X32: =IF($T$2, $U$2*(SIN($U$1)+SIN(V32)), -0.5) -> -0.5
... B50: 0.011872429 | C50: =IF(AND($Q$1=2, $A$3=1), 0, IF($T$3, 5*$A$7*(0.2969*SQRT(B50)-0.126*B50-0.3516*(B50^2)+0.2843*(B50^3)-0.1036*(B50^4)), 5*$A$7*(0.2969*SQRT(B50)-0.126*B50-0.3516*(B50^2)+0.2843*(B50^3)-0.1015*(B50^4)))) -> 0.018483248 | D50: =IF($Q$1=1, IF(B50<$A$8, ($A$10/6)*((B50^3)-3*$A$8*(B50^2)+($A$8^2)*(3-$A$8)*B50), (($A$10*($A$8^3))/6)*(1-B50)), " ") | E50: =IF($Q$1=1,IF(B50<$A$8, ($A$10/6)*(3*(B50^2)-6*$A$8*B50+($A$8^2)*(3-$A$8)), -($A$10*($A$8^3))/6), " ") | F50: =IF($Q$1=1, ATAN(E50), " ") | G50: =IF($Q$1=2, IF(A52<>1, IF(B50<$A$11, ($A$12/6)*((B50-$A$11)^3-$A$13*((1-$A$11)^3)*B50-($A$11^3)*B50+$A$11^3), ($A$12/6)*($A$13*(B50-$A$11)^3-$A$13*((1-$A$11)^3)*B50-($A$11^3)*B50+$A$11^3)), 0), " ") -> 0.0037566119 | H50: =IF($Q$1=2, IF(A52<>1, IF(B50<$A$11, ($A$12/6)*(3*(B50-$A$11)^2-$A$13*((1-$A$11)^3)-($A$11^3)), ($A$12/6)*(3*$A$13*(B50-$A$11)^2-$A$13*((1-$A$11)^3)-($A$11^3))),0 ), " ") -> 0.2968129 | I50: =IF($Q$1=2, IF(A52<>1, ATAN(H50), 0), " ") -> 0.28853029 | J50: =IF($Q$1=1, D50, G50) -> 0.0037566119 | K50: =IF($Q$1=1, F50, I50) -> 0.28853029 | L50: =B50-C50*SIN(K50) -> 0.0066131399 | M50: =J50+C50*COS(K50) -> 0.02147582 | N50: =B50+C50*SIN(K50) -> 0.017131719 | O50: =J50-C50*COS(K50) -> -0.013962596 | R50: =IF($T$1, J50, -0.5) -> -0.5 | V50: 6.2831853 | W50: =$U$2*(COS($U$1)+COS(V50)) -> 0.030959151 | X50: =IF($T$2, $U$2*(SIN($U$1)+SIN(V50)), -0.5) -> -0.5
B51: 0.012360952 | C51: =IF(AND($Q$1=2, $A$3=1), 0, IF($T$3, 5*$A$7*(0.2969*SQRT(B51)-0.126*B51-0.3516*(B51^2)+0.2843*(B51^3)-0.1036*(B51^4)), 5*$A$7*(0.2969*SQRT(B51)-0.126*B51-0.3516*(B51^2)+0.2843*(B51^3)-0.1015*(B51^4)))) -> 0.018839172 | D51: =IF($Q$1=1, IF(B51<$A$8, ($A$10/6)*((B51^3)-3*$A$8*(B51^2)+($A$8^2)*(3-$A$8)*B51), (($A$10*($A$8^3))/6)*(1-B51)), " ") | E51: =IF($Q$1=1,IF(B51<$A$8, ($A$10/6)*(3*(B51^2)-6*$A$8*B51+($A$8^2)*(3-$A$8)), -($A$10*($A$8^3))/6), " ") | F51: =IF($Q$1=1, ATAN(E51), " ") | G51: =IF($Q$1=2, IF(A53<>1, IF(B51<$A$11, ($A$12/6)*((B51-$A$11)^3-$A$13*((1-$A$11)^3)*B51-($A$11^3)*B51+$A$11^3), ($A$12/6)*($A$13*(B51-$A$11)^3-$A$13*((1-$A$11)^3)*B51-($A$11^3)*B51+$A$11^3)), 0), " ") -> 0.0039012255 | H51: =IF($Q$1=2, IF(A53<>1, IF(B51<$A$11, ($A$12/6)*(3*(B51-$A$11)^2-$A$13*((1-$A$11)^3)-($A$11^3)), ($A$12/6)*(3*$A$13*(B51-$A$11)^2-$A$13*((1-$A$11)^3)-($A$11^3))),0 ), " ") -> 0.29523218 | I51: =IF($Q$1=2, IF(A53<>1, ATAN(H51), 0), " ") -> 0.28707692 | J51: =IF($Q$1=1, D51, G51) -> 0.0039012255 | K51: =IF($Q$1=1, F51, I51) -> 0.28707692 | L51: =B51-C51*SIN(K51) -> 0.0070266407 | M51: =J51+C51*COS(K51) -> 0.021969417 | N51: =B51+C51*SIN(K51) -> 0.017695264 | O51: =J51-C51*COS(K51) -> -0.014166966 | R51: =IF($T$1, J51, -0.5) -> -0.5
B52: 0.012859262 | C52: =IF(AND($Q$1=2, $A$3=1), 0, IF($T$3, 5*$A$7*(0.2969*SQRT(B52)-0.126*B52-0.3516*(B52^2)+0.2843*(B52^3)-0.1036*(B52^4)), 5*$A$7*(0.2969*SQRT(B52)-0.126*B52-0.3516*(B52^2)+0.2843*(B52^3)-0.1015*(B52^4)))) -> 0.019194158 | D52: =IF($Q$1=1, IF(B52<$A$8, ($A$10/6)*((B52^3)-3*$A$8*(B52^2)+($A$8^2)*(3-$A$8)*B52), (($A$10*($A$8^3))/6)*(1-B52)), " ") | E52: =IF($Q$1=1,IF(B52<$A$8, ($A$10/6)*(3*(B52^2)-6*$A$8*B52+($A$8^2)*(3-$A$8)), -($A$10*($A$8^3))/6), " ") | F52: =IF($Q$1=1, ATAN(E52), " ") | G52: =IF($Q$1=2, IF(A54<>1, IF(B52<$A$11, ($A$12/6)*((B52-$A$11)^3-$A$13*((1-$A$11)^3)*B52-($A$11^3)*B52+$A$11^3), ($A$12/6)*($A$13*(B52-$A$11)^3-$A$13*((1-$A$11)^3)*B52-($A$11^3)*B52+$A$11^3)), 0), " ") -> 0.0040479415 | H52: =IF($Q$1=2, IF(A54<>1, IF(B52<$A$11, ($A$12/6)*(3*(B52-$A$11)^2-$A$13*((1-$A$11)^3)-($A$11^3)), ($A$12/6)*(3*$A$13*(B52-$A$11)^2-$A$13*((1-$A$11)^3)-($A$11^3))),0 ), " ") -> 0.29362367 | I52: =IF($Q$1=2, IF(A54<>1, ATAN(H52), 0), " ") -> 0.28559673 | J52: =IF($Q$1=1, D52, G52) -> 0.0040479415 | K52: =IF($Q$1=1, F52, I52) -> 0.28559673 | L52: =B52-C52*SIN(K52) -> 0.0074516903 | M52: =J52+C52*COS(K52) -> 0.022464615 | N52: =B52+C52*SIN(K52) -> 0.018266833 | O52: =J52-C52*COS(K52) -> -0.014368732 | R52: =IF($T$1, J52, -0.5) -> -0.5
B53: 0.013367353 | C53: =IF(AND($Q$1=2, $A$3=1), 0, IF($T$3, 5*$A$7*(0.2969*SQRT(B53)-0.126*B53-0.3516*(B53^2)+0.2843*(B53^3)-0.1036*(B53^4)), 5*$A$7*(0.2969*SQRT(B53)-0.126*B53-0.3516*(B53^2)+0.2843*(B53^3)-0.1015*(B53^4)))) -> 0.019548198 | D53: =IF($Q$1=1, IF(B53<$A$8, ($A$10/6)*((B53^3)-3*$A$8*(B53^2)+($A$8^2)*(3-$A$8)*B53), (($A$10*($A$8^3))/6)*(1-B53)), " ") | E53: =IF($Q$1=1,IF(B53<$A$8, ($A$10/6)*(3*(B53^2)-6*$A$8*B53+($A$8^2)*(3-$A$8)), -($A$10*($A$8^3))/6), " ") | F53: =IF($Q$1=1, ATAN(E53), " ") | G53: =IF($Q$1=2, IF(A55<>1, IF(B53<$A$11, ($A$12/6)*((B53-$A$11)^3-$A$13*((1-$A$11)^3)*B53-($A$11^3)*B53+$A$11^3), ($A$12/6)*($A$13*(B53-$A$11)^3-$A$13*((1-$A$11)^3)*B53-($A$11^3)*B53+$A$11^3)), 0), " ") -> 0.0041967133 | H53: =IF($Q$1=2, IF(A55<>1, IF(B53<$A$11, ($A$12/6)*(3*(B53-$A$11)^2-$A$13*((1-$A$11)^3)-($A$11^3)), ($A$12/6)*(3*$A$13*(B53-$A$11)^2-$A$13*((1-$A$11)^3)-($A$11^3))),0 ), " ") -> 0.29198762 | I53: =IF($Q$1=2, IF(A55<>1, ATAN(H53), 0), " ") -> 0.28408988 | J53: =IF($Q$1=1, D53, G53) -> 0.0041967133 | K53: =IF($Q$1=1, F53, I53) -> 0.28408988 | L53: =B53-C53*SIN(K53) -> 0.0078883071 | M53: =J53+C53*COS(K53) -> 0.022961364 | N53: =B53+C53*SIN(K53) -> 0.018846399 | O53: =J53-C53*COS(K53) -> -0.014567937 | R53: =IF($T$1, J53, -0.5) -> -0.5
B54: 0.013885221 | C54: =IF(AND($Q$1=2, $A$3=1), 0, IF($T$3, 5*$A$7*(0.2969*SQRT(B54)-0.126*B54-0.3516*(B54^2)+0.2843*(B54^3)-0.1036*(B54^4)), 5*$A$7*(0.2969*SQRT(B54)-0.126*B54-0.3516*(B54^2)+0.2843*(B54^3)-0.1015*(B54^4)))) -> 0.019901287 | D54: =IF($Q$1=1, IF(B54<$A$8, ($A$10/6)*((B54^3)-3*$A$8*(B54^2)+($A$8^2)*(3-$A$8)*B54), (($A$10*($A$8^3))/6)*(1-B54)), " ") | E54: =IF($Q$1=1,IF(B54<$A$8, ($A$10/6)*(3*(B54^2)-6*$A$8*B54+($A$8^2)*(3-$A$8)), -($A$10*($A$8^3))/6), " ") | F54: =IF($Q$1=1, ATAN(E54), " ") | G54: =IF($Q$1=2, IF(A56<>1, IF(B54<$A$11, ($A$12/6)*((B54-$A$11)^3-$A$13*((1-$A$11)^3)*B54-($A$11^3)*B54+$A$11^3), ($A$12/6)*($A$13*(B54-$A$11)^3-$A$13*((1-$A$11)^3)*B54-($A$11^3)*B54+$A$11^3)), 0), " ") -> 0.0043474935 | H54: =IF($Q$1=2, IF(A56<>1, IF(B54<$A$11, ($A$12/6)*(3*(B54-$A$11)^2-$A$13*((1-$A$11)^3)-($A$11^3)), ($A$12/6)*(3*$A$13*(B54-$A$11)^2-$A$13*((1-$A$11)^3)-($A$11^3))),0 ), " ") -> 0.29032429 | I54: =IF($Q$1=2, IF(A56<>1, ATAN(H54), 0), " ") -> 0.28255653 | J54: =IF($Q$1=1, D54, G54) -> 0.0043474935 | K54: =IF($Q$1=1, F54, I54) -> 0.28255653 | L54: =B54-C54*SIN(K54) -> 0.0083365091 | M54: =J54+C54*COS(K54) -> 0.02345961 | N54: =B54+C54*SIN(K54) -> 0.019433933 | O54: =J54-C54*COS(K54) -> -0.014764623 | R54: =IF($T$1, J54, -0.5) -> -0.5
B55: 0.01441286 | C55: =IF(AND($Q$1=2, $A$3=1), 0, IF($T$3, 5*$A$7*(0.2969*SQRT(B55)-0.126*B55-0.3516*(B55^2)+0.2843*(B55^3)-0.1036*(B55^4)), 5*$A$7*(0.2969*SQRT(B55)-0.126*B55-0.3516*(B55^2)+0.2843*(B55^3)-0.1015*(B55^4)))) -> 0.020253417 | D55: =IF($Q$1=1, IF(B55<$A$8, ($A$10/6)*((B55^3)-3*$A$8*(B55^2)+($A$8^2)*(3-$A$8)*B55), (($A$10*($A$8^3))/6)*(1-B55)), " ") | E55: =IF($Q$1=1,IF(B55<$A$8, ($A$10/6)*(3*(B55^2)-6*$A$8*B55+($A$8^2)*(3-$A$8)), -($A$10*($A$8^3))/6), " ") | F55: =IF($Q$1=1, ATAN(E55), " ") | G55: =IF($Q$1=2, IF(A57<>1, IF(B55<$A$11, ($A$12/6)*((B55-$A$11)^3-$A$13*((1-$A$11)^3)*B55-($A$11^3)*B55+$A$11^3), ($A$12/6)*($A$13*(B55-$A$11)^3-$A$13*((1-$A$11)^3)*B55-($A$11^3)*B55+$A$11^3)), 0), " ") -> 0.0045002339 | H55: =IF($Q$1=2, IF(A57<>1, IF(B55<$A$11, ($A$12/6)*(3*(B55-$A$11)^2-$A$13*((1-$A$11)^3)-($A$11^3)), ($A$12/6)*(3*$A$13*(B55-$A$11)^2-$A$13*((1-$A$11)^3)-($A$11^3))),0 ), " ") -> 0.28863393 | I55: =IF($Q$1=2, IF(A57<>1, ATAN(H55), 0), " ") -> 0.28099687 | J55: =IF($Q$1=1, D55, G55) -> 0.0045002339 | K55: =IF($Q$1=1, F55, I55) -> 0.28099687 | L55: =B55-C55*SIN(K55) -> 0.0087963135 | M55: =J55+C55*COS(K55) -> 0.023959301 | N55: =B55+C55*SIN(K55) -> 0.020029407 | O55: =J55-C55*COS(K55) -> -0.014958833 | R55: =IF($T$1, J55, -0.5) -> -0.5
B56: 0.014950266 | C56: =IF(AND($Q$1=2, $A$3=1), 0, IF($T$3, 5*$A$7*(0.2969*SQRT(B56)-0.126*B56-0.3516*(B56^2)+0.2843*(B56^3)-0.1036*(B56^4)), 5*$A$7*(0.2969*SQRT(B56)-0.126*B56-0.3516*(B56^2)+0.2843*(B56^3)-0.1015*(B56^4)))) -> 0.020604581 | D56: =IF($Q$1=1, IF(B56<$A$8, ($A$10/6)*((B56^3)-3*$A$8*(B56^2)+($A$8^2)*(3-$A$8)*B56), (($A$10*($A$8^3))/6)*(1-B56)), " ") | E56: =IF($Q$1=1,IF(B56<$A$8, ($A$10/6)*(3*(B56^2)-6*$A$8*B56+($A$8^2)*(3-$A$8)), -($A$10*($A$8^3))/6), " ") | F56: =IF($Q$1=1, ATAN(E56), " ") | G56: =IF($Q$1=2, IF(A58<>1, IF(B56<$A$11, ($A$12/6)*((B56-$A$11)^3-$A$13*((1-$A$11)^3)*B56-($A$11^3)*B56+$A$11^3), ($A$12/6)*($A$13*(B56-$A$11)^3-$A$13*((1-$A$11)^3)*B56-($A$11^3)*B56+$A$11^3)), 0), " ") -> 0.0046548859 | H56: =IF($Q$1=2, IF(A58<>1, IF(B56<$A$11, ($A$12/6)*(3*(B56-$A$11)^2-$A$13*((1-$A$11)^3)-($A$11^3)), ($A$12/6)*(3*$A$13*(B56-$A$11)^2-$A$13*((1-$A$11)^3)-($A$11^3))),0 ), " ") -> 0.28691681 | I56: =IF($Q$1=2, IF(A58<>1, ATAN(H56), 0), " ") -> 0.27941107 | J56: =IF($Q$1=1, D56, G56) -> 0.0046548859 | K56: =IF($Q$1=1, F56, I56) -> 0.27941107 | L56: =B56-C56*SIN(K56) -> 0.0092677371 | M56: =J56+C56*COS(K56) -> 0.024460381 | N56: =B56+C56*SIN(K56) -> 0.020632796 | O56: =J56-C56*COS(K56) -> -0.015150609 | R56: =IF($T$1, J56, -0.5) -> -0.5
B57: 0.015497433 | C57: =IF(AND($Q$1=2, $A$3=1), 0, IF($T$3, 5*$A$7*(0.2969*SQRT(B57)-0.126*B57-0.3516*(B57^2)+0.2843*(B57^3)-0.1036*(B57^4)), 5*$A$7*(0.2969*SQRT(B57)-0.126*B57-0.3516*(B57^2)+0.2843*(B57^3)-0.1015*(B57^4)))) -> 0.020954774 | D57: =IF($Q$1=1, IF(B57<$A$8, ($A$10/6)*((B57^3)-3*$A$8*(B57^2)+($A$8^2)*(3-$A$8)*B57), (($A$10*($A$8^3))/6)*(1-B57)), " ") | E57: =IF($Q$1=1,IF(B57<$A$8, ($A$10/6)*(3*(B57^2)-6*$A$8*B57+($A$8^2)*(3-$A$8)), -($A$10*($A$8^3))/6), " ") | F57: =IF($Q$1=1, ATAN(E57), " ") | G57: =IF($Q$1=2, IF(A59<>1, IF(B57<$A$11, ($A$12/6)*((B57-$A$11)^3-$A$13*((1-$A$11)^3)*B57-($A$11^3)*B57+$A$11^3), ($A$12/6)*($A$13*(B57-$A$11)^3-$A$13*((1-$A$11)^3)*B57-($A$11^3)*B57+$A$11^3)), 0), " ") -> 0.0048114001 | H57: =IF($Q$1=2, IF(A59<>1, IF(B57<$A$11, ($A$12/6)*(3*(B57-$A$11)^2-$A$13*((1-$A$11)^3)-($A$11^3)), ($A$12/6)*(3*$A$13*(B57-$A$11)^2-$A$13*((1-$A$11)^3)-($A$11^3))),0 ), " ") -> 0.28517318 | I57: =IF($Q$1=2, IF(A59<>1, ATAN(H57), 0), " ") -> 0.27779932 | J57: =IF($Q$1=1, D57, G57) -> 0.0048114001 | K57: =IF($Q$1=1, F57, I57) -> 0.27779932 | L57: =B57-C57*SIN(K57) -> 0.0097507962 | M57: =J57+C57*COS(K57) -> 0.024962795 | N57: =B57+C57*SIN(K57) -> 0.021244071 | O57: =J57-C57*COS(K57) -> -0.015339995 | R57: =IF($T$1, J57, -0.5) -> -0.5
B58: 0.016054356 | C58: =IF(AND($Q$1=2, $A$3=1), 0, IF($T$3, 5*$A$7*(0.2969*SQRT(B58)-0.126*B58-0.3516*(B58^2)+0.2843*(B58^3)-0.1036*(B58^4)), 5*$A$7*(0.2969*SQRT(B58)-0.126*B58-0.3516*(B58^2)+0.2843*(B58^3)-0.1015*(B58^4)))) -> 0.021303988 | D58: =IF($Q$1=1, IF(B58<$A$8, ($A$10/6)*((B58^3)-3*$A$8*(B58^2)+($A$8^2)*(3-$A$8)*B58), (($A$10*($A$8^3))/6)*(1-B58)), " ") | E58: =IF($Q$1=1,IF(B58<$A$8, ($A$10/6)*(3*(B58^2)-6*$A$8*B58+($A$8^2)*(3-$A$8)), -($A$10*($A$8^3))/6), " ") | F58: =IF($Q$1=1, ATAN(E58), " ") | G58: =IF($Q$1=2, IF(A60<>1, IF(B58<$A$11, ($A$12/6)*((B58-$A$11)^3-$A$13*((1-$A$11)^3)*B58-($A$11^3)*B58+$A$11^3), ($A$12/6)*($A$13*(B58-$A$11)^3-$A$13*((1-$A$11)^3)*B58-($A$11^3)*B58+$A$11^3)), 0), " ") -> 0.0049697264 | H58: =IF($Q$1=2, IF(A60<>1, IF(B58<$A$11, ($A$12/6)*(3*(B58-$A$11)^2-$A$13*((1-$A$11)^3)-($A$11^3)), ($A$12/6)*(3*$A$13*(B58-$A$11)^2-$A$13*((1-$A$11)^3)-($A$11^3))),0 ), " ") -> 0.28340331 | I58: =IF($Q$1=2, IF(A60<>1, ATAN(H58), 0), " ") -> 0.2761618 | J58: =IF($Q$1=1, D58, G58) -> 0.0049697264 | K58: =IF($Q$1=1, F58, I58) -> 0.2761618 | L58: =B58-C58*SIN(K58) -> 0.010245506 | M58: =J58+C58*COS(K58) -> 0.025466486 | N58: =B58+C58*SIN(K58) -> 0.021863206 | O58: =J58-C58*COS(K58) -> -0.015527033 | R58: =IF($T$1, J58, -0.5) -> -0.5
B59: 0.016621029 | C59: =IF(AND($Q$1=2, $A$3=1), 0, IF($T$3, 5*$A$7*(0.2969*SQRT(B59)-0.126*B59-0.3516*(B59^2)+0.2843*(B59^3)-0.1036*(B59^4)), 5*$A$7*(0.2969*SQRT(B59)-0.126*B59-0.3516*(B59^2)+0.2843*(B59^3)-0.1015*(B59^4)))) -> 0.021652216 | D59: =IF($Q$1=1, IF(B59<$A$8, ($A$10/6)*((B59^3)-3*$A$8*(B59^2)+($A$8^2)*(3-$A$8)*B59), (($A$10*($A$8^3))/6)*(1-B59)), " ") | E59: =IF($Q$1=1,IF(B59<$A$8, ($A$10/6)*(3*(B59^2)-6*$A$8*B59+($A$8^2)*(3-$A$8)), -($A$10*($A$8^3))/6), " ") | F59: =IF($Q$1=1, ATAN(E59), " ") | G59: =IF($Q$1=2, IF(A61<>1, IF(B59<$A$11, ($A$12/6)*((B59-$A$11)^3-$A$13*((1-$A$11)^3)*B59-($A$11^3)*B59+$A$11^3), ($A$12/6)*($A$13*(B59-$A$11)^3-$A$13*((1-$A$11)^3)*B59-($A$11^3)*B59+$A$11^3)), 0), " ") -> 0.0051298143 | H59: =IF($Q$1=2, IF(A61<>1, IF(B59<$A$11, ($A$12/6)*(3*(B59-$A$11)^2-$A$13*((1-$A$11)^3)-($A$11^3)), ($A$12/6)*(3*$A$13*(B59-$A$11)^2-$A$13*((1-$A$11)^3)-($A$11^3))),0 ), " ") -> 0.28160749 | I59: =IF($Q$1=2, IF(A61<>1, ATAN(H59), 0), " ") -> 0.27449871 | J59: =IF($Q$1=1, D59, G59) -> 0.0051298143 | K59: =IF($Q$1=1, F59, I59) -> 0.27449871 | L59: =B59-C59*SIN(K59) -> 0.010751883 | M59: =J59+C59*COS(K59) -> 0.025971397 | N59: =B59+C59*SIN(K59) -> 0.022490175 | O59: =J59-C59*COS(K59) -> -0.015711768 | R59: =IF($T$1, J59, -0.5) -> -0.5
B60: 0.017197446 | C60: =IF(AND($Q$1=2, $A$3=1), 0, IF($T$3, 5*$A$7*(0.2969*SQRT(B60)-0.126*B60-0.3516*(B60^2)+0.2843*(B60^3)-0.1036*(B60^4)), 5*$A$7*(0.2969*SQRT(B60)-0.126*B60-0.3516*(B60^2)+0.2843*(B60^3)-0.1015*(B60^4)))) -> 0.021999451 | D60: =IF($Q$1=1, IF(B60<$A$8, ($A$10/6)*((B60^3)-3*$A$8*(B60^2)+($A$8^2)*(3-$A$8)*B60), (($A$10*($A$8^3))/6)*(1-B60)), " ") | E60: =IF($Q$1=1,IF(B60<$A$8, ($A$10/6)*(3*(B60^2)-6*$A$8*B60+($A$8^2)*(3-$A$8)), -($A$10*($A$8^3))/6), " ") | F60: =IF($Q$1=1, ATAN(E60), " ") | G60: =IF($Q$1=2, IF(A62<>1, IF(B60<$A$11, ($A$12/6)*((B60-$A$11)^3-$A$13*((1-$A$11)^3)*B60-($A$11^3)*B60+$A$11^3), ($A$12/6)*($A$13*(B60-$A$11)^3-$A$13*((1-$A$11)^3)*B60-($A$11^3)*B60+$A$11^3)), 0), " ") -> 0.0052916125 | H60: =IF($Q$1=2, IF(A62<>1, IF(B60<$A$11, ($A$12/6)*(3*(B60-$A$11)^2-$A$13*((1-$A$11)^3)-($A$11^3)), ($A$12/6)*(3*$A$13*(B60-$A$11)^2-$A$13*((1-$A$11)^3)-($A$11^3))),0 ), " ") -> 0.279786 | I60: =IF($Q$1=2, IF(A62<>1, ATAN(H60), 0), " ") -> 0.27281025 | J60: =IF($Q$1=1, D60, G60) -> 0.0052916125 | K60: =IF($Q$1=1, F60, I60) -> 0.27281025 | L60: =B60-C60*SIN(K60) -> 0.01126994 | M60: =J60+C60*COS(K60) -> 0.026477469 | N60: =B60+C60*SIN(K60) -> 0.023124952 | O60: =J60-C60*COS(K60) -> -0.015894244 | R60: =IF($T$1, J60, -0.5) -> -0.5
B61: 0.017783602 | C61: =IF(AND($Q$1=2, $A$3=1), 0, IF($T$3, 5*$A$7*(0.2969*SQRT(B61)-0.126*B61-0.3516*(B61^2)+0.2843*(B61^3)-0.1036*(B61^4)), 5*$A$7*(0.2969*SQRT(B61)-0.126*B61-0.3516*(B61^2)+0.2843*(B61^3)-0.1015*(B61^4)))) -> 0.022345686 | D61: =IF($Q$1=1, IF(B61<$A$8, ($A$10/6)*((B61^3)-3*$A$8*(B61^2)+($A$8^2)*(3-$A$8)*B61), (($A$10*($A$8^3))/6)*(1-B61)), " ") | E61: =IF($Q$1=1,IF(B61<$A$8, ($A$10/6)*(3*(B61^2)-6*$A$8*B61+($A$8^2)*(3-$A$8)), -($A$10*($A$8^3))/6), " ") | F61: =IF($Q$1=1, ATAN(E61), " ") | G61: =IF($Q$1=2, IF(A63<>1, IF(B61<$A$11, ($A$12/6)*((B61-$A$11)^3-$A$13*((1-$A$11)^3)*B61-($A$11^3)*B61+$A$11^3), ($A$12/6)*($A$13*(B61-$A$11)^3-$A$13*((1-$A$11)^3)*B61-($A$11^3)*B61+$A$11^3)), 0), " ") -> 0.0054550692 | H61: =IF($Q$1=2, IF(A63<>1, IF(B61<$A$11, ($A$12/6)*(3*(B61-$A$11)^2-$A$13*((1-$A$11)^3)-($A$11^3)), ($A$12/6)*(3*$A$13*(B61-$A$11)^2-$A$13*((1-$A$11)^3)-($A$11^3))),0 ), " ") -> 0.2779391 | I61: =IF($Q$1=2, IF(A63<>1, ATAN(H61), 0), " ") -> 0.27109661 | J61: =IF($Q$1=1, D61, G61) -> 0.0054550692 | K61: =IF($Q$1=1, F61, I61) -> 0.27109661 | L61: =B61-C61*SIN(K61) -> 0.011799692 | M61: =J61+C61*COS(K61) -> 0.026984642 | N61: =B61+C61*SIN(K61) -> 0.023767512 | O61: =J61-C61*COS(K61) -> -0.016074503 | R61: =IF($T$1, J61, -0.5) -> -0.5
B62: 0.018379491 | C62: =IF(AND($Q$1=2, $A$3=1), 0, IF($T$3, 5*$A$7*(0.2969*SQRT(B62)-0.126*B62-0.3516*(B62^2)+0.2843*(B62^3)-0.1036*(B62^4)), 5*$A$7*(0.2969*SQRT(B62)-0.126*B62-0.3516*(B62^2)+0.2843*(B62^3)-0.1015*(B62^4)))) -> 0.022690914 | D62: =IF($Q$1=1, IF(B62<$A$8, ($A$10/6)*((B62^3)-3*$A$8*(B62^2)+($A$8^2)*(3-$A$8)*B62), (($A$10*($A$8^3))/6)*(1-B62)), " ") | E62: =IF($Q$1=1,IF(B62<$A$8, ($A$10/6)*(3*(B62^2)-6*$A$8*B62+($A$8^2)*(3-$A$8)), -($A$10*($A$8^3))/6), " ") | F62: =IF($Q$1=1, ATAN(E62), " ") | G62: =IF($Q$1=2, IF(A64<>1, IF(B62<$A$11, ($A$12/6)*((B62-$A$11)^3-$A$13*((1-$A$11)^3)*B62-($A$11^3)*B62+$A$11^3), ($A$12/6)*($A$13*(B62-$A$11)^3-$A$13*((1-$A$11)^3)*B62-($A$11^3)*B62+$A$11^3)), 0), " ") -> 0.005620132 | H62: =IF($Q$1=2, IF(A64<>1, IF(B62<$A$11, ($A$12/6)*(3*(B62-$A$11)^2-$A$13*((1-$A$11)^3)-($A$11^3)), ($A$12/6)*(3*$A$13*(B62-$A$11)^2-$A$13*((1-$A$11)^3)-($A$11^3))),0 ), " ") -> 0.27606711 | I62: =IF($Q$1=2, IF(A64<>1, ATAN(H62), 0), " ") -> 0.26935802 | J62: =IF($Q$1=1, D62, G62) -> 0.005620132 | K62: =IF($Q$1=1, F62, I62) -> 0.26935802 | L62: =B62-C62*SIN(K62) -> 0.012341152 | M62: =J62+C62*COS(K62) -> 0.027492855 | N62: =B62+C62*SIN(K62) -> 0.02441783 | O62: =J62-C62*COS(K62) -> -0.016252591 | R62: =IF($T$1, J62, -0.5) -> -0.5
... B500: 1 | C500: =IF(AND($Q$1=2, $A$3=1), 0, IF($T$3, 5*$A$7*(0.2969*SQRT(B500)-0.126*B500-0.3516*(B500^2)+0.2843*(B500^3)-0.1036*(B500^4)), 5*$A$7*(0.2969*SQRT(B500)-0.126*B500-0.3516*(B500^2)+0.2843*(B500^3)-0.1015*(B500^4)))) -> 0.00126 | D500: =IF($Q$1=1, IF(B500<$A$8, ($A$10/6)*((B500^3)-3*$A$8*(B500^2)+($A$8^2)*(3-$A$8)*B500), (($A$10*($A$8^3))/6)*(1-B500)), " ") | E500: =IF($Q$1=1,IF(B500<$A$8, ($A$10/6)*(3*(B500^2)-6*$A$8*B500+($A$8^2)*(3-$A$8)), -($A$10*($A$8^3))/6), " ") | F500: =IF($Q$1=1, ATAN(E500), " ") | G500: =IF($Q$1=2, IF(A502<>1, IF(B500<$A$11, ($A$12/6)*((B500-$A$11)^3-$A$13*((1-$A$11)^3)*B500-($A$11^3)*B500+$A$11^3), ($A$12/6)*($A$13*(B500-$A$11)^3-$A$13*((1-$A$11)^3)*B500-($A$11^3)*B500+$A$11^3)), 0), " ") -> 0 | H500: =IF($Q$1=2, IF(A502<>1, IF(B500<$A$11, ($A$12/6)*(3*(B500-$A$11)^2-$A$13*((1-$A$11)^3)-($A$11^3)), ($A$12/6)*(3*$A$13*(B500-$A$11)^2-$A$13*((1-$A$11)^3)-($A$11^3))),0 ), " ") -> -0.0026753474 | I500: =IF($Q$1=2, IF(A502<>1, ATAN(H500), 0), " ") -> -0.002675341 | J500: =IF($Q$1=1, D500, G500) -> 0 | K500: =IF($Q$1=1, F500, I500) -> -0.002675341 | L500: =B500-C500*SIN(K500) -> 1.0000034 | M500: =J500+C500*COS(K500) -> 0.0012599955 | N500: =B500+C500*SIN(K500) -> 0.99999663 | O500: =J500-C500*COS(K500) -> -0.0012599955 | R500: =IF($T$1, J500, -0.5) -> -0.5
L501: 1 | M501: 0 | N501: 1 | O501: 0

Sheet NACA_5-digit
A1: BACK | E1: Name | F1: =IF(Data2!Q1=2, IF(Data2!A3=1,"_", 2*10^4+Data2!A3*10^3+F4*100+Data2!A4 ), Data2!A2*10^4+Data2!A3*10^3+F4*100+Data2!A4) -> 23112
E2: Design Lift Coefficient | F2: =IF(Data2!Q1=2, IF(Data2!A3=1, "_", 0.3), Data2!A14) -> 0.3 | H2: Leading-Edge Radius | I2: =IF(AND(Data2!Q1=2,Data2!A3=1),"_", Data2!U2) -> 0.01586693
E3: Position of Camber | F3: =IF(AND(Data2!Q1=2,Data2!A3=1),"_",Data2!A5) -> 0.15 | H3: Trailing-Edge Angle | I3: =IF(AND(Data2!Q1=2,Data2!A3=1), "_", DEGREES(2*ATAN(1.16925*F5))) -> 15.97406
E4: Indication of Camber | F4: =IF(AND(Data2!Q1=2,Data2!A3=1), "_", IF(Data2!Q1=1, 0, 1)) -> 1
E5: Maximum Thickness | F5: =IF(AND(Data2!Q1=2,Data2!A3=1),"_", Data2!A7) -> 0.12

Sheet Data3
A1: =IF(L1=1, 0, A4/100) -> 0 | B1: {=1-COS((_xlfn.SEQUENCE(500,1,0,1)*PI())/(2*(500-1)))} -> 0 | C1: =IF($A$1=0, 0, IF(B1<=$A$2, ($A$1/$A$2^2)*(2*$A$2*B1-B1^2), ($A$1/(1-$A$2)^2)*((1-2*$A$2)+2*$A$2*B1-B1^2))) -> 0 | D1: =IF(B1<$N$1, ($A$3/0.2)*($O$1*SQRT(B1)+$P$1*B1+$Q$1*(B1^2)+$R$1*(B1^3)), ($A$3/0.2)*($S$1+$T$1*(1-B1)+$U$1*((1-B1)^2)+$V$1*((1-B1)^3))) -> 0 | E1: =IF($A$1=0, 0, IF(B1<=$A$2, ($A$1/$A$2^2) *(2*$A$2-2*B1), ($A$1/(1-$A$2)^2)*(2*$A$2-2*B1))) -> 0 | F1: =IF($A$1=0, 0, ATAN(E1)) -> 0 | G1: =B1-D1*SIN(F1) -> 0 | H1: =C1+D1*COS(F1) -> 0 | I1: =B1+D1*SIN(F1) -> 0 | J1: =C1-D1*COS(F1) -> 0 | L1: 1 | M1: 6 | N1: =$N$2/10 -> 0.4 | O1: =IF($M$1=9, 0.2969*SQRT(3),0.2969*(M1/6)) -> 0.2969 | P1: =(0.3/N1)-1.875*(O1/SQRT(N1))-0.1*(N1/W1) -> -0.24686689 | Q1: =-(0.3/(N1^2))+1.25*(O1/POWER(N1, 3/2))+(0.2/W1) -> 0.1753337 | R1: =(0.1/N1^3)-0.375*(O1/POWER(N1, 5/2))-(0.1/(W1*N1)) -> -0.26691694 | S1: =IF(Z3, 0, 0.002) -> 0.002 | T1: =IF(N1=0.2, 0.2, IF(N1=0.3, 0.234, IF(N1=0.4, 0.315, IF(N1=0.5, 0.465, 0.7)))) -> 0.315 | U1: =(3*(0.1-S1)-2*(1-N1)*T1)/((1-N1)^2) -> -0.23333333 | V1: =(-2*(0.1-S1)+(1-N1)*T1)/((1-N1)^3) -> -0.032407407 | W1: =0.2*((1-N1)^2/(0.588-2*T1*(1-N1))) -> 0.34285714 | Y1: =IF($Z$1, C1, -0.5) -> -0.5 | Z1: FALSE | AA1: =$E$1 -> 0 | AB1: {=_xlfn.SEQUENCE(50, 1, 0, (2*PI())/(50-1))} -> 0 | AC1: =$AA$2*(COS(ATAN($AA$1))+COS(AB1)) -> 0.017850296 | AD1: =IF($Z$2, $AA$2*(SIN(ATAN($AA$1))+SIN(AB1)), -0.5) -> -0.5
A2: =IF(L1=1, 0, A5/10) -> 0 | B2: 4.9545967e-06 | C2: =IF($A$1=0, 0, IF(B2<=$A$2, ($A$1/$A$2^2)*(2*$A$2*B2-B2^2), ($A$1/(1-$A$2)^2)*((1-2*$A$2)+2*$A$2*B2-B2^2))) -> 0 | D2: =IF(B2<$N$1, ($A$3/0.2)*($O$1*SQRT(B2)+$P$1*B2+$Q$1*(B2^2)+$R$1*(B2^3)), ($A$3/0.2)*($S$1+$T$1*(1-B2)+$U$1*((1-B2)^2)+$V$1*((1-B2)^3))) -> 0.00029683994 | E2: =IF($A$1=0, 0, IF(B2<=$A$2, ($A$1/$A$2^2) *(2*$A$2-2*B2), ($A$1/(1-$A$2)^2)*(2*$A$2-2*B2))) -> 0 | F2: =IF($A$1=0, 0, ATAN(E2)) -> 0 | G2: =B2-D2*SIN(F2) -> 4.9545967e-06 | H2: =C2+D2*COS(F2) -> 0.00029683994 | I2: =B2+D2*SIN(F2) -> 4.9545967e-06 | J2: =C2-D2*COS(F2) -> -0.00029683994 | N2: 4 | Y2: =IF($Z$1, C2, -0.5) -> -0.5 | Z2: FALSE | AA2: =0.5*(0.2969*($A$3/0.2)*($M$1/6))^2 -> 0.008925148 | AB2: 0.12822827 | AC2: =$AA$2*(COS(ATAN($AA$1))+COS(AB2)) -> 0.017777021 | AD2: =IF($Z$2, $AA$2*(SIN(ATAN($AA$1))+SIN(AB2)), -0.5) -> -0.5
A3: =A6/100 -> 0.09 | B3: 1.9818338e-05 | C3: =IF($A$1=0, 0, IF(B3<=$A$2, ($A$1/$A$2^2)*(2*$A$2*B3-B3^2), ($A$1/(1-$A$2)^2)*((1-2*$A$2)+2*$A$2*B3-B3^2))) -> 0 | D3: =IF(B3<$N$1, ($A$3/0.2)*($O$1*SQRT(B3)+$P$1*B3+$Q$1*(B3^2)+$R$1*(B3^3)), ($A$3/0.2)*($S$1+$T$1*(1-B3)+$U$1*((1-B3)^2)+$V$1*((1-B3)^3))) -> 0.00059257836 | E3: =IF($A$1=0, 0, IF(B3<=$A$2, ($A$1/$A$2^2) *(2*$A$2-2*B3), ($A$1/(1-$A$2)^2)*(2*$A$2-2*B3))) -> 0 | F3: =IF($A$1=0, 0, ATAN(E3)) -> 0 | G3: =B3-D3*SIN(F3) -> 1.9818338e-05 | H3: =C3+D3*COS(F3) -> 0.00059257836 | I3: =B3+D3*SIN(F3) -> 1.9818338e-05 | J3: =C3-D3*COS(F3) -> -0.00059257836 | Y3: =IF($Z$1, C3, -0.5) -> -0.5 | Z3: FALSE | AB3: 0.25645654 | AC3: =$AA$2*(COS(ATAN($AA$1))+COS(AB3)) -> 0.017558398 | AD3: =IF($Z$2, $AA$2*(SIN(ATAN($AA$1))+SIN(AB3)), -0.5) -> -0.5
A4: 1 | B4: 4.4591076e-05 | C4: =IF($A$1=0, 0, IF(B4<=$A$2, ($A$1/$A$2^2)*(2*$A$2*B4-B4^2), ($A$1/(1-$A$2)^2)*((1-2*$A$2)+2*$A$2*B4-B4^2))) -> 0 | D4: =IF(B4<$N$1, ($A$3/0.2)*($O$1*SQRT(B4)+$P$1*B4+$Q$1*(B4^2)+$R$1*(B4^3)), ($A$3/0.2)*($S$1+$T$1*(1-B4)+$U$1*((1-B4)^2)+$V$1*((1-B4)^3))) -> 0.00088721462 | E4: =IF($A$1=0, 0, IF(B4<=$A$2, ($A$1/$A$2^2) *(2*$A$2-2*B4), ($A$1/(1-$A$2)^2)*(2*$A$2-2*B4))) -> 0 | F4: =IF($A$1=0, 0, ATAN(E4)) -> 0 | G4: =B4-D4*SIN(F4) -> 4.4591076e-05 | H4: =C4+D4*COS(F4) -> 0.00088721462 | I4: =B4+D4*SIN(F4) -> 4.4591076e-05 | J4: =C4-D4*COS(F4) -> -0.00088721462 | Y4: =IF($Z$1, C4, -0.5) -> -0.5 | AB4: 0.38468481 | AC4: =$AA$2*(COS(ATAN($AA$1))+COS(AB4)) -> 0.017198017 | AD4: =IF($Z$2, $AA$2*(SIN(ATAN($AA$1))+SIN(AB4)), -0.5) -> -0.5
A5: 5 | B5: 7.9272565e-05 | C5: =IF($A$1=0, 0, IF(B5<=$A$2, ($A$1/$A$2^2)*(2*$A$2*B5-B5^2), ($A$1/(1-$A$2)^2)*((1-2*$A$2)+2*$A$2*B5-B5^2))) -> 0 | D5: =IF(B5<$N$1, ($A$3/0.2)*($O$1*SQRT(B5)+$P$1*B5+$Q$1*(B5^2)+$R$1*(B5^3)), ($A$3/0.2)*($S$1+$T$1*(1-B5)+$U$1*((1-B5)^2)+$V$1*((1-B5)^3))) -> 0.0011807481 | E5: =IF($A$1=0, 0, IF(B5<=$A$2, ($A$1/$A$2^2) *(2*$A$2-2*B5), ($A$1/(1-$A$2)^2)*(2*$A$2-2*B5))) -> 0 | F5: =IF($A$1=0, 0, ATAN(E5)) -> 0 | G5: =B5-D5*SIN(F5) -> 7.9272565e-05 | H5: =C5+D5*COS(F5) -> 0.0011807481 | I5: =B5+D5*SIN(F5) -> 7.9272565e-05 | J5: =C5-D5*COS(F5) -> -0.0011807481 | Y5: =IF($Z$1, C5, -0.5) -> -0.5 | AB5: 0.51291309 | AC5: =$AA$2*(COS(ATAN($AA$1))+COS(AB5)) -> 0.016701796 | AD5: =IF($Z$2, $AA$2*(SIN(ATAN($AA$1))+SIN(AB5)), -0.5) -> -0.5
A6: 9 | B6: 0.00012386246 | C6: =IF($A$1=0, 0, IF(B6<=$A$2, ($A$1/$A$2^2)*(2*$A$2*B6-B6^2), ($A$1/(1-$A$2)^2)*((1-2*$A$2)+2*$A$2*B6-B6^2))) -> 0 | D6: =IF(B6<$N$1, ($A$3/0.2)*($O$1*SQRT(B6)+$P$1*B6+$Q$1*(B6^2)+$R$1*(B6^3)), ($A$3/0.2)*($S$1+$T$1*(1-B6)+$U$1*((1-B6)^2)+$V$1*((1-B6)^3))) -> 0.0014731783 | E6: =IF($A$1=0, 0, IF(B6<=$A$2, ($A$1/$A$2^2) *(2*$A$2-2*B6), ($A$1/(1-$A$2)^2)*(2*$A$2-2*B6))) -> 0 | F6: =IF($A$1=0, 0, ATAN(E6)) -> 0 | G6: =B6-D6*SIN(F6) -> 0.00012386246 | H6: =C6+D6*COS(F6) -> 0.0014731783 | I6: =B6+D6*SIN(F6) -> 0.00012386246 | J6: =C6-D6*COS(F6) -> -0.0014731783 | Y6: =IF($Z$1, C6, -0.5) -> -0.5 | AB6: 0.64114136 | AC6: =$AA$2*(COS(ATAN($AA$1))+COS(AB6)) -> 0.016077883 | AD6: =IF($Z$2, $AA$2*(SIN(ATAN($AA$1))+SIN(AB6)), -0.5) -> -0.5
B7: 0.00017836033 | C7: =IF($A$1=0, 0, IF(B7<=$A$2, ($A$1/$A$2^2)*(2*$A$2*B7-B7^2), ($A$1/(1-$A$2)^2)*((1-2*$A$2)+2*$A$2*B7-B7^2))) -> 0 | D7: =IF(B7<$N$1, ($A$3/0.2)*($O$1*SQRT(B7)+$P$1*B7+$Q$1*(B7^2)+$R$1*(B7^3)), ($A$3/0.2)*($S$1+$T$1*(1-B7)+$U$1*((1-B7)^2)+$V$1*((1-B7)^3))) -> 0.0017645047 | E7: =IF($A$1=0, 0, IF(B7<=$A$2, ($A$1/$A$2^2) *(2*$A$2-2*B7), ($A$1/(1-$A$2)^2)*(2*$A$2-2*B7))) -> 0 | F7: =IF($A$1=0, 0, ATAN(E7)) -> 0 | G7: =B7-D7*SIN(F7) -> 0.00017836033 | H7: =C7+D7*COS(F7) -> 0.0017645047 | I7: =B7+D7*SIN(F7) -> 0.00017836033 | J7: =C7-D7*COS(F7) -> -0.0017645047 | Y7: =IF($Z$1, C7, -0.5) -> -0.5 | AB7: 0.76936963 | AC7: =$AA$2*(COS(ATAN($AA$1))+COS(AB7)) -> 0.015336522 | AD7: =IF($Z$2, $AA$2*(SIN(ATAN($AA$1))+SIN(AB7)), -0.5) -> -0.5
B8: 0.00024276562 | C8: =IF($A$1=0, 0, IF(B8<=$A$2, ($A$1/$A$2^2)*(2*$A$2*B8-B8^2), ($A$1/(1-$A$2)^2)*((1-2*$A$2)+2*$A$2*B8-B8^2))) -> 0 | D8: =IF(B8<$N$1, ($A$3/0.2)*($O$1*SQRT(B8)+$P$1*B8+$Q$1*(B8^2)+$R$1*(B8^3)), ($A$3/0.2)*($S$1+$T$1*(1-B8)+$U$1*((1-B8)^2)+$V$1*((1-B8)^3))) -> 0.002054727 | E8: =IF($A$1=0, 0, IF(B8<=$A$2, ($A$1/$A$2^2) *(2*$A$2-2*B8), ($A$1/(1-$A$2)^2)*(2*$A$2-2*B8))) -> 0 | F8: =IF($A$1=0, 0, ATAN(E8)) -> 0 | G8: =B8-D8*SIN(F8) -> 0.00024276562 | H8: =C8+D8*COS(F8) -> 0.002054727 | I8: =B8+D8*SIN(F8) -> 0.00024276562 | J8: =C8-D8*COS(F8) -> -0.002054727 | Y8: =IF($Z$1, C8, -0.5) -> -0.5 | AB8: 0.8975979 | AC8: =$AA$2*(COS(ATAN($AA$1))+COS(AB8)) -> 0.014489887 | AD8: =IF($Z$2, $AA$2*(SIN(ATAN($AA$1))+SIN(AB8)), -0.5) -> -0.5
B9: 0.00031707769 | C9: =IF($A$1=0, 0, IF(B9<=$A$2, ($A$1/$A$2^2)*(2*$A$2*B9-B9^2), ($A$1/(1-$A$2)^2)*((1-2*$A$2)+2*$A$2*B9-B9^2))) -> 0 | D9: =IF(B9<$N$1, ($A$3/0.2)*($O$1*SQRT(B9)+$P$1*B9+$Q$1*(B9^2)+$R$1*(B9^3)), ($A$3/0.2)*($S$1+$T$1*(1-B9)+$U$1*((1-B9)^2)+$V$1*((1-B9)^3))) -> 0.0023438446 | E9: =IF($A$1=0, 0, IF(B9<=$A$2, ($A$1/$A$2^2) *(2*$A$2-2*B9), ($A$1/(1-$A$2)^2)*(2*$A$2-2*B9))) -> 0 | F9: =IF($A$1=0, 0, ATAN(E9)) -> 0 | G9: =B9-D9*SIN(F9) -> 0.00031707769 | H9: =C9+D9*COS(F9) -> 0.0023438446 | I9: =B9+D9*SIN(F9) -> 0.00031707769 | J9: =C9-D9*COS(F9) -> -0.0023438446 | Y9: =IF($Z$1, C9, -0.5) -> -0.5 | AB9: 1.0258262 | AC9: =$AA$2*(COS(ATAN($AA$1))+COS(AB9)) -> 0.013551878 | AD9: =IF($Z$2, $AA$2*(SIN(ATAN($AA$1))+SIN(AB9)), -0.5) -> -0.5
B10: 0.00040129582 | C10: =IF($A$1=0, 0, IF(B10<=$A$2, ($A$1/$A$2^2)*(2*$A$2*B10-B10^2), ($A$1/(1-$A$2)^2)*((1-2*$A$2)+2*$A$2*B10-B10^2))) -> 0 | D10: =IF(B10<$N$1, ($A$3/0.2)*($O$1*SQRT(B10)+$P$1*B10+$Q$1*(B10^2)+$R$1*(B10^3)), ($A$3/0.2)*($S$1+$T$1*(1-B10)+$U$1*((1-B10)^2)+$V$1*((1-B10)^3))) -> 0.0026318574 | E10: =IF($A$1=0, 0, IF(B10<=$A$2, ($A$1/$A$2^2) *(2*$A$2-2*B10), ($A$1/(1-$A$2)^2)*(2*$A$2-2*B10))) -> 0 | F10: =IF($A$1=0, 0, ATAN(E10)) -> 0 | G10: =B10-D10*SIN(F10) -> 0.00040129582 | H10: =C10+D10*COS(F10) -> 0.0026318574 | I10: =B10+D10*SIN(F10) -> 0.00040129582 | J10: =C10-D10*COS(F10) -> -0.0026318574 | Y10: =IF($Z$1, C10, -0.5) -> -0.5 | AB10: 1.1540544 | AC10: =$AA$2*(COS(ATAN($AA$1))+COS(AB10)) -> 0.012537899 | AD10: =IF($Z$2, $AA$2*(SIN(ATAN($AA$1))+SIN(AB10)), -0.5) -> -0.5
B11: 0.00049541917 | C11: =IF($A$1=0, 0, IF(B11<=$A$2, ($A$1/$A$2^2)*(2*$A$2*B11-B11^2), ($A$1/(1-$A$2)^2)*((1-2*$A$2)+2*$A$2*B11-B11^2))) -> 0 | D11: =IF(B11<$N$1, ($A$3/0.2)*($O$1*SQRT(B11)+$P$1*B11+$Q$1*(B11^2)+$R$1*(B11^3)), ($A$3/0.2)*($S$1+$T$1*(1-B11)+$U$1*((1-B11)^2)+$V$1*((1-B11)^3))) -> 0.0029187651 | E11: =IF($A$1=0, 0, IF(B11<=$A$2, ($A$1/$A$2^2) *(2*$A$2-2*B11), ($A$1/(1-$A$2)^2)*(2*$A$2-2*B11))) -> 0 | F11: =IF($A$1=0, 0, ATAN(E11)) -> 0 | G11: =B11-D11*SIN(F11) -> 0.00049541917 | H11: =C11+D11*COS(F11) -> 0.0029187651 | I11: =B11+D11*SIN(F11) -> 0.00049541917 | J11: =C11-D11*COS(F11) -> -0.0029187651 | Y11: =IF($Z$1, C11, -0.5) -> -0.5 | AB11: 1.2822827 | AC11: =$AA$2*(COS(ATAN($AA$1))+COS(AB11)) -> 0.011464599 | AD11: =IF($Z$2, $AA$2*(SIN(ATAN($AA$1))+SIN(AB11)), -0.5) -> -0.5
B12: 0.0005994468 | C12: =IF($A$1=0, 0, IF(B12<=$A$2, ($A$1/$A$2^2)*(2*$A$2*B12-B12^2), ($A$1/(1-$A$2)^2)*((1-2*$A$2)+2*$A$2*B12-B12^2))) -> 0 | D12: =IF(B12<$N$1, ($A$3/0.2)*($O$1*SQRT(B12)+$P$1*B12+$Q$1*(B12^2)+$R$1*(B12^3)), ($A$3/0.2)*($S$1+$T$1*(1-B12)+$U$1*((1-B12)^2)+$V$1*((1-B12)^3))) -> 0.0032045674 | E12: =IF($A$1=0, 0, IF(B12<=$A$2, ($A$1/$A$2^2) *(2*$A$2-2*B12), ($A$1/(1-$A$2)^2)*(2*$A$2-2*B12))) -> 0 | F12: =IF($A$1=0, 0, ATAN(E12)) -> 0 | G12: =B12-D12*SIN(F12) -> 0.0005994468 | H12: =C12+D12*COS(F12) -> 0.0032045674 | I12: =B12+D12*SIN(F12) -> 0.0005994468 | J12: =C12-D12*COS(F12) -> -0.0032045674 | Y12: =IF($Z$1, C12, -0.5) -> -0.5 | AB12: 1.410511 | AC12: =$AA$2*(COS(ATAN($AA$1))+COS(AB12)) -> 0.010349601 | AD12: =IF($Z$2, $AA$2*(SIN(ATAN($AA$1))+SIN(AB12)), -0.5) -> -0.5
B13: 0.00071337768 | C13: =IF($A$1=0, 0, IF(B13<=$A$2, ($A$1/$A$2^2)*(2*$A$2*B13-B13^2), ($A$1/(1-$A$2)^2)*((1-2*$A$2)+2*$A$2*B13-B13^2))) -> 0 | D13: =IF(B13<$N$1, ($A$3/0.2)*($O$1*SQRT(B13)+$P$1*B13+$Q$1*(B13^2)+$R$1*(B13^3)), ($A$3/0.2)*($S$1+$T$1*(1-B13)+$U$1*((1-B13)^2)+$V$1*((1-B13)^3))) -> 0.0034892644 | E13: =IF($A$1=0, 0, IF(B13<=$A$2, ($A$1/$A$2^2) *(2*$A$2-2*B13), ($A$1/(1-$A$2)^2)*(2*$A$2-2*B13))) -> 0 | F13: =IF($A$1=0, 0, ATAN(E13)) -> 0 | G13: =B13-D13*SIN(F13) -> 0.00071337768 | H13: =C13+D13*COS(F13) -> 0.0034892644 | I13: =B13+D13*SIN(F13) -> 0.00071337768 | J13: =C13-D13*COS(F13) -> -0.0034892644 | Y13: =IF($Z$1, C13, -0.5) -> -0.5 | AB13: 1.5387393 | AC13: =$AA$2*(COS(ATAN($AA$1))+COS(AB13)) -> 0.0092112131 | AD13: =IF($Z$2, $AA$2*(SIN(ATAN($AA$1))+SIN(AB13)), -0.5) -> -0.5
B14: 0.00083721069 | C14: =IF($A$1=0, 0, IF(B14<=$A$2, ($A$1/$A$2^2)*(2*$A$2*B14-B14^2), ($A$1/(1-$A$2)^2)*((1-2*$A$2)+2*$A$2*B14-B14^2))) -> 0 | D14: =IF(B14<$N$1, ($A$3/0.2)*($O$1*SQRT(B14)+$P$1*B14+$Q$1*(B14^2)+$R$1*(B14^3)), ($A$3/0.2)*($S$1+$T$1*(1-B14)+$U$1*((1-B14)^2)+$V$1*((1-B14)^3))) -> 0.0037728557 | E14: =IF($A$1=0, 0, IF(B14<=$A$2, ($A$1/$A$2^2) *(2*$A$2-2*B14), ($A$1/(1-$A$2)^2)*(2*$A$2-2*B14))) -> 0 | F14: =IF($A$1=0, 0, ATAN(E14)) -> 0 | G14: =B14-D14*SIN(F14) -> 0.00083721069 | H14: =C14+D14*COS(F14) -> 0.0037728557 | I14: =B14+D14*SIN(F14) -> 0.00083721069 | J14: =C14-D14*COS(F14) -> -0.0037728557 | Y14: =IF($Z$1, C14, -0.5) -> -0.5 | AB14: 1.6669675 | AC14: =$AA$2*(COS(ATAN($AA$1))+COS(AB14)) -> 0.0080681283 | AD14: =IF($Z$2, $AA$2*(SIN(ATAN($AA$1))+SIN(AB14)), -0.5) -> -0.5
B15: 0.00097094459 | C15: =IF($A$1=0, 0, IF(B15<=$A$2, ($A$1/$A$2^2)*(2*$A$2*B15-B15^2), ($A$1/(1-$A$2)^2)*((1-2*$A$2)+2*$A$2*B15-B15^2))) -> 0 | D15: =IF(B15<$N$1, ($A$3/0.2)*($O$1*SQRT(B15)+$P$1*B15+$Q$1*(B15^2)+$R$1*(B15^3)), ($A$3/0.2)*($S$1+$T$1*(1-B15)+$U$1*((1-B15)^2)+$V$1*((1-B15)^3))) -> 0.0040553416 | E15: =IF($A$1=0, 0, IF(B15<=$A$2, ($A$1/$A$2^2) *(2*$A$2-2*B15), ($A$1/(1-$A$2)^2)*(2*$A$2-2*B15))) -> 0 | F15: =IF($A$1=0, 0, ATAN(E15)) -> 0 | G15: =B15-D15*SIN(F15) -> 0.00097094459 | H15: =C15+D15*COS(F15) -> 0.0040553416 | I15: =B15+D15*SIN(F15) -> 0.00097094459 | J15: =C15-D15*COS(F15) -> -0.0040553416 | Y15: =IF($Z$1, C15, -0.5) -> -0.5 | AB15: 1.7951958 | AC15: =$AA$2*(COS(ATAN($AA$1))+COS(AB15)) -> 0.0069391157 | AD15: =IF($Z$2, $AA$2*(SIN(ATAN($AA$1))+SIN(AB15)), -0.5) -> -0.5
B16: 0.0011145781 | C16: =IF($A$1=0, 0, IF(B16<=$A$2, ($A$1/$A$2^2)*(2*$A$2*B16-B16^2), ($A$1/(1-$A$2)^2)*((1-2*$A$2)+2*$A$2*B16-B16^2))) -> 0 | D16: =IF(B16<$N$1, ($A$3/0.2)*($O$1*SQRT(B16)+$P$1*B16+$Q$1*(B16^2)+$R$1*(B16^3)), ($A$3/0.2)*($S$1+$T$1*(1-B16)+$U$1*((1-B16)^2)+$V$1*((1-B16)^3))) -> 0.0043367219 | E16: =IF($A$1=0, 0, IF(B16<=$A$2, ($A$1/$A$2^2) *(2*$A$2-2*B16), ($A$1/(1-$A$2)^2)*(2*$A$2-2*B16))) -> 0 | F16: =IF($A$1=0, 0, ATAN(E16)) -> 0 | G16: =B16-D16*SIN(F16) -> 0.0011145781 | H16: =C16+D16*COS(F16) -> 0.0043367219 | I16: =B16+D16*SIN(F16) -> 0.0011145781 | J16: =C16-D16*COS(F16) -> -0.0043367219 | Y16: =IF($Z$1, C16, -0.5) -> -0.5 | AB16: 1.9234241 | AC16: =$AA$2*(COS(ATAN($AA$1))+COS(AB16)) -> 0.0058427138 | AD16: =IF($Z$2, $AA$2*(SIN(ATAN($AA$1))+SIN(AB16)), -0.5) -> -0.5
B17: 0.0012681097 | C17: =IF($A$1=0, 0, IF(B17<=$A$2, ($A$1/$A$2^2)*(2*$A$2*B17-B17^2), ($A$1/(1-$A$2)^2)*((1-2*$A$2)+2*$A$2*B17-B17^2))) -> 0 | D17: =IF(B17<$N$1, ($A$3/0.2)*($O$1*SQRT(B17)+$P$1*B17+$Q$1*(B17^2)+$R$1*(B17^3)), ($A$3/0.2)*($S$1+$T$1*(1-B17)+$U$1*((1-B17)^2)+$V$1*((1-B17)^3))) -> 0.0046169968 | E17: =IF($A$1=0, 0, IF(B17<=$A$2, ($A$1/$A$2^2) *(2*$A$2-2*B17), ($A$1/(1-$A$2)^2)*(2*$A$2-2*B17))) -> 0 | F17: =IF($A$1=0, 0, ATAN(E17)) -> 0 | G17: =B17-D17*SIN(F17) -> 0.0012681097 | H17: =C17+D17*COS(F17) -> 0.0046169968 | I17: =B17+D17*SIN(F17) -> 0.0012681097 | J17: =C17-D17*COS(F17) -> -0.0046169968 | Y17: =IF($Z$1, C17, -0.5) -> -0.5 | AB17: 2.0516523 | AC17: =$AA$2*(COS(ATAN($AA$1))+COS(AB17)) -> 0.0047969253 | AD17: =IF($Z$2, $AA$2*(SIN(ATAN($AA$1))+SIN(AB17)), -0.5) -> -0.5
B18: 0.0014315379 | C18: =IF($A$1=0, 0, IF(B18<=$A$2, ($A$1/$A$2^2)*(2*$A$2*B18-B18^2), ($A$1/(1-$A$2)^2)*((1-2*$A$2)+2*$A$2*B18-B18^2))) -> 0 | D18: =IF(B18<$N$1, ($A$3/0.2)*($O$1*SQRT(B18)+$P$1*B18+$Q$1*(B18^2)+$R$1*(B18^3)), ($A$3/0.2)*($S$1+$T$1*(1-B18)+$U$1*((1-B18)^2)+$V$1*((1-B18)^3))) -> 0.0048961664 | E18: =IF($A$1=0, 0, IF(B18<=$A$2, ($A$1/$A$2^2) *(2*$A$2-2*B18), ($A$1/(1-$A$2)^2)*(2*$A$2-2*B18))) -> 0 | F18: =IF($A$1=0, 0, ATAN(E18)) -> 0 | G18: =B18-D18*SIN(F18) -> 0.0014315379 | H18: =C18+D18*COS(F18) -> 0.0048961664 | I18: =B18+D18*SIN(F18) -> 0.0014315379 | J18: =C18-D18*COS(F18) -> -0.0048961664 | Y18: =IF($Z$1, C18, -0.5) -> -0.5 | AB18: 2.1798806 | AC18: =$AA$2*(COS(ATAN($AA$1))+COS(AB18)) -> 0.0038189221 | AD18: =IF($Z$2, $AA$2*(SIN(ATAN($AA$1))+SIN(AB18)), -0.5) -> -0.5
... B50: 0.011872429 | C50: =IF($A$1=0, 0, IF(B50<=$A$2, ($A$1/$A$2^2)*(2*$A$2*B50-B50^2), ($A$1/(1-$A$2)^2)*((1-2*$A$2)+2*$A$2*B50-B50^2))) -> 0 | D50: =IF(B50<$N$1, ($A$3/0.2)*($O$1*SQRT(B50)+$P$1*B50+$Q$1*(B50^2)+$R$1*(B50^3)), ($A$3/0.2)*($S$1+$T$1*(1-B50)+$U$1*((1-B50)^2)+$V$1*((1-B50)^3))) -> 0.013249702 | E50: =IF($A$1=0, 0, IF(B50<=$A$2, ($A$1/$A$2^2) *(2*$A$2-2*B50), ($A$1/(1-$A$2)^2)*(2*$A$2-2*B50))) -> 0 | F50: =IF($A$1=0, 0, ATAN(E50)) -> 0 | G50: =B50-D50*SIN(F50) -> 0.011872429 | H50: =C50+D50*COS(F50) -> 0.013249702 | I50: =B50+D50*SIN(F50) -> 0.011872429 | J50: =C50-D50*COS(F50) -> -0.013249702 | Y50: =IF($Z$1, C50, -0.5) -> -0.5 | AB50: 6.2831853 | AC50: =$AA$2*(COS(ATAN($AA$1))+COS(AB50)) -> 0.017850296 | AD50: =IF($Z$2, $AA$2*(SIN(ATAN($AA$1))+SIN(AB50)), -0.5) -> -0.5
B51: 0.012360952 | C51: =IF($A$1=0, 0, IF(B51<=$A$2, ($A$1/$A$2^2)*(2*$A$2*B51-B51^2), ($A$1/(1-$A$2)^2)*((1-2*$A$2)+2*$A$2*B51-B51^2))) -> 0 | D51: =IF(B51<$N$1, ($A$3/0.2)*($O$1*SQRT(B51)+$P$1*B51+$Q$1*(B51^2)+$R$1*(B51^3)), ($A$3/0.2)*($S$1+$T$1*(1-B51)+$U$1*((1-B51)^2)+$V$1*((1-B51)^3))) -> 0.013492829 | E51: =IF($A$1=0, 0, IF(B51<=$A$2, ($A$1/$A$2^2) *(2*$A$2-2*B51), ($A$1/(1-$A$2)^2)*(2*$A$2-2*B51))) -> 0 | F51: =IF($A$1=0, 0, ATAN(E51)) -> 0 | G51: =B51-D51*SIN(F51) -> 0.012360952 | H51: =C51+D51*COS(F51) -> 0.013492829 | I51: =B51+D51*SIN(F51) -> 0.012360952 | J51: =C51-D51*COS(F51) -> -0.013492829 | Y51: =IF($Z$1, C51, -0.5) -> -0.5
B52: 0.012859262 | C52: =IF($A$1=0, 0, IF(B52<=$A$2, ($A$1/$A$2^2)*(2*$A$2*B52-B52^2), ($A$1/(1-$A$2)^2)*((1-2*$A$2)+2*$A$2*B52-B52^2))) -> 0 | D52: =IF(B52<$N$1, ($A$3/0.2)*($O$1*SQRT(B52)+$P$1*B52+$Q$1*(B52^2)+$R$1*(B52^3)), ($A$3/0.2)*($S$1+$T$1*(1-B52)+$U$1*((1-B52)^2)+$V$1*((1-B52)^3))) -> 0.013734886 | E52: =IF($A$1=0, 0, IF(B52<=$A$2, ($A$1/$A$2^2) *(2*$A$2-2*B52), ($A$1/(1-$A$2)^2)*(2*$A$2-2*B52))) -> 0 | F52: =IF($A$1=0, 0, ATAN(E52)) -> 0 | G52: =B52-D52*SIN(F52) -> 0.012859262 | H52: =C52+D52*COS(F52) -> 0.013734886 | I52: =B52+D52*SIN(F52) -> 0.012859262 | J52: =C52-D52*COS(F52) -> -0.013734886 | Y52: =IF($Z$1, C52, -0.5) -> -0.5
B53: 0.013367353 | C53: =IF($A$1=0, 0, IF(B53<=$A$2, ($A$1/$A$2^2)*(2*$A$2*B53-B53^2), ($A$1/(1-$A$2)^2)*((1-2*$A$2)+2*$A$2*B53-B53^2))) -> 0 | D53: =IF(B53<$N$1, ($A$3/0.2)*($O$1*SQRT(B53)+$P$1*B53+$Q$1*(B53^2)+$R$1*(B53^3)), ($A$3/0.2)*($S$1+$T$1*(1-B53)+$U$1*((1-B53)^2)+$V$1*((1-B53)^3))) -> 0.013975876 | E53: =IF($A$1=0, 0, IF(B53<=$A$2, ($A$1/$A$2^2) *(2*$A$2-2*B53), ($A$1/(1-$A$2)^2)*(2*$A$2-2*B53))) -> 0 | F53: =IF($A$1=0, 0, ATAN(E53)) -> 0 | G53: =B53-D53*SIN(F53) -> 0.013367353 | H53: =C53+D53*COS(F53) -> 0.013975876 | I53: =B53+D53*SIN(F53) -> 0.013367353 | J53: =C53-D53*COS(F53) -> -0.013975876 | Y53: =IF($Z$1, C53, -0.5) -> -0.5
B54: 0.013885221 | C54: =IF($A$1=0, 0, IF(B54<=$A$2, ($A$1/$A$2^2)*(2*$A$2*B54-B54^2), ($A$1/(1-$A$2)^2)*((1-2*$A$2)+2*$A$2*B54-B54^2))) -> 0 | D54: =IF(B54<$N$1, ($A$3/0.2)*($O$1*SQRT(B54)+$P$1*B54+$Q$1*(B54^2)+$R$1*(B54^3)), ($A$3/0.2)*($S$1+$T$1*(1-B54)+$U$1*((1-B54)^2)+$V$1*((1-B54)^3))) -> 0.014215801 | E54: =IF($A$1=0, 0, IF(B54<=$A$2, ($A$1/$A$2^2) *(2*$A$2-2*B54), ($A$1/(1-$A$2)^2)*(2*$A$2-2*B54))) -> 0 | F54: =IF($A$1=0, 0, ATAN(E54)) -> 0 | G54: =B54-D54*SIN(F54) -> 0.013885221 | H54: =C54+D54*COS(F54) -> 0.014215801 | I54: =B54+D54*SIN(F54) -> 0.013885221 | J54: =C54-D54*COS(F54) -> -0.014215801 | Y54: =IF($Z$1, C54, -0.5) -> -0.5
B55: 0.01441286 | C55: =IF($A$1=0, 0, IF(B55<=$A$2, ($A$1/$A$2^2)*(2*$A$2*B55-B55^2), ($A$1/(1-$A$2)^2)*((1-2*$A$2)+2*$A$2*B55-B55^2))) -> 0 | D55: =IF(B55<$N$1, ($A$3/0.2)*($O$1*SQRT(B55)+$P$1*B55+$Q$1*(B55^2)+$R$1*(B55^3)), ($A$3/0.2)*($S$1+$T$1*(1-B55)+$U$1*((1-B55)^2)+$V$1*((1-B55)^3))) -> 0.014454662 | E55: =IF($A$1=0, 0, IF(B55<=$A$2, ($A$1/$A$2^2) *(2*$A$2-2*B55), ($A$1/(1-$A$2)^2)*(2*$A$2-2*B55))) -> 0 | F55: =IF($A$1=0, 0, ATAN(E55)) -> 0 | G55: =B55-D55*SIN(F55) -> 0.01441286 | H55: =C55+D55*COS(F55) -> 0.014454662 | I55: =B55+D55*SIN(F55) -> 0.01441286 | J55: =C55-D55*COS(F55) -> -0.014454662 | Y55: =IF($Z$1, C55, -0.5) -> -0.5
B56: 0.014950266 | C56: =IF($A$1=0, 0, IF(B56<=$A$2, ($A$1/$A$2^2)*(2*$A$2*B56-B56^2), ($A$1/(1-$A$2)^2)*((1-2*$A$2)+2*$A$2*B56-B56^2))) -> 0 | D56: =IF(B56<$N$1, ($A$3/0.2)*($O$1*SQRT(B56)+$P$1*B56+$Q$1*(B56^2)+$R$1*(B56^3)), ($A$3/0.2)*($S$1+$T$1*(1-B56)+$U$1*((1-B56)^2)+$V$1*((1-B56)^3))) -> 0.014692462 | E56: =IF($A$1=0, 0, IF(B56<=$A$2, ($A$1/$A$2^2) *(2*$A$2-2*B56), ($A$1/(1-$A$2)^2)*(2*$A$2-2*B56))) -> 0 | F56: =IF($A$1=0, 0, ATAN(E56)) -> 0 | G56: =B56-D56*SIN(F56) -> 0.014950266 | H56: =C56+D56*COS(F56) -> 0.014692462 | I56: =B56+D56*SIN(F56) -> 0.014950266 | J56: =C56-D56*COS(F56) -> -0.014692462 | Y56: =IF($Z$1, C56, -0.5) -> -0.5
B57: 0.015497433 | C57: =IF($A$1=0, 0, IF(B57<=$A$2, ($A$1/$A$2^2)*(2*$A$2*B57-B57^2), ($A$1/(1-$A$2)^2)*((1-2*$A$2)+2*$A$2*B57-B57^2))) -> 0 | D57: =IF(B57<$N$1, ($A$3/0.2)*($O$1*SQRT(B57)+$P$1*B57+$Q$1*(B57^2)+$R$1*(B57^3)), ($A$3/0.2)*($S$1+$T$1*(1-B57)+$U$1*((1-B57)^2)+$V$1*((1-B57)^3))) -> 0.014929202 | E57: =IF($A$1=0, 0, IF(B57<=$A$2, ($A$1/$A$2^2) *(2*$A$2-2*B57), ($A$1/(1-$A$2)^2)*(2*$A$2-2*B57))) -> 0 | F57: =IF($A$1=0, 0, ATAN(E57)) -> 0 | G57: =B57-D57*SIN(F57) -> 0.015497433 | H57: =C57+D57*COS(F57) -> 0.014929202 | I57: =B57+D57*SIN(F57) -> 0.015497433 | J57: =C57-D57*COS(F57) -> -0.014929202 | Y57: =IF($Z$1, C57, -0.5) -> -0.5
B58: 0.016054356 | C58: =IF($A$1=0, 0, IF(B58<=$A$2, ($A$1/$A$2^2)*(2*$A$2*B58-B58^2), ($A$1/(1-$A$2)^2)*((1-2*$A$2)+2*$A$2*B58-B58^2))) -> 0 | D58: =IF(B58<$N$1, ($A$3/0.2)*($O$1*SQRT(B58)+$P$1*B58+$Q$1*(B58^2)+$R$1*(B58^3)), ($A$3/0.2)*($S$1+$T$1*(1-B58)+$U$1*((1-B58)^2)+$V$1*((1-B58)^3))) -> 0.015164885 | E58: =IF($A$1=0, 0, IF(B58<=$A$2, ($A$1/$A$2^2) *(2*$A$2-2*B58), ($A$1/(1-$A$2)^2)*(2*$A$2-2*B58))) -> 0 | F58: =IF($A$1=0, 0, ATAN(E58)) -> 0 | G58: =B58-D58*SIN(F58) -> 0.016054356 | H58: =C58+D58*COS(F58) -> 0.015164885 | I58: =B58+D58*SIN(F58) -> 0.016054356 | J58: =C58-D58*COS(F58) -> -0.015164885 | Y58: =IF($Z$1, C58, -0.5) -> -0.5
B59: 0.016621029 | C59: =IF($A$1=0, 0, IF(B59<=$A$2, ($A$1/$A$2^2)*(2*$A$2*B59-B59^2), ($A$1/(1-$A$2)^2)*((1-2*$A$2)+2*$A$2*B59-B59^2))) -> 0 | D59: =IF(B59<$N$1, ($A$3/0.2)*($O$1*SQRT(B59)+$P$1*B59+$Q$1*(B59^2)+$R$1*(B59^3)), ($A$3/0.2)*($S$1+$T$1*(1-B59)+$U$1*((1-B59)^2)+$V$1*((1-B59)^3))) -> 0.015399513 | E59: =IF($A$1=0, 0, IF(B59<=$A$2, ($A$1/$A$2^2) *(2*$A$2-2*B59), ($A$1/(1-$A$2)^2)*(2*$A$2-2*B59))) -> 0 | F59: =IF($A$1=0, 0, ATAN(E59)) -> 0 | G59: =B59-D59*SIN(F59) -> 0.016621029 | H59: =C59+D59*COS(F59) -> 0.015399513 | I59: =B59+D59*SIN(F59) -> 0.016621029 | J59: =C59-D59*COS(F59) -> -0.015399513 | Y59: =IF($Z$1, C59, -0.5) -> -0.5
B60: 0.017197446 | C60: =IF($A$1=0, 0, IF(B60<=$A$2, ($A$1/$A$2^2)*(2*$A$2*B60-B60^2), ($A$1/(1-$A$2)^2)*((1-2*$A$2)+2*$A$2*B60-B60^2))) -> 0 | D60: =IF(B60<$N$1, ($A$3/0.2)*($O$1*SQRT(B60)+$P$1*B60+$Q$1*(B60^2)+$R$1*(B60^3)), ($A$3/0.2)*($S$1+$T$1*(1-B60)+$U$1*((1-B60)^2)+$V$1*((1-B60)^3))) -> 0.015633088 | E60: =IF($A$1=0, 0, IF(B60<=$A$2, ($A$1/$A$2^2) *(2*$A$2-2*B60), ($A$1/(1-$A$2)^2)*(2*$A$2-2*B60))) -> 0 | F60: =IF($A$1=0, 0, ATAN(E60)) -> 0 | G60: =B60-D60*SIN(F60) -> 0.017197446 | H60: =C60+D60*COS(F60) -> 0.015633088 | I60: =B60+D60*SIN(F60) -> 0.017197446 | J60: =C60-D60*COS(F60) -> -0.015633088 | Y60: =IF($Z$1, C60, -0.5) -> -0.5
B61: 0.017783602 | C61: =IF($A$1=0, 0, IF(B61<=$A$2, ($A$1/$A$2^2)*(2*$A$2*B61-B61^2), ($A$1/(1-$A$2)^2)*((1-2*$A$2)+2*$A$2*B61-B61^2))) -> 0 | D61: =IF(B61<$N$1, ($A$3/0.2)*($O$1*SQRT(B61)+$P$1*B61+$Q$1*(B61^2)+$R$1*(B61^3)), ($A$3/0.2)*($S$1+$T$1*(1-B61)+$U$1*((1-B61)^2)+$V$1*((1-B61)^3))) -> 0.015865613 | E61: =IF($A$1=0, 0, IF(B61<=$A$2, ($A$1/$A$2^2) *(2*$A$2-2*B61), ($A$1/(1-$A$2)^2)*(2*$A$2-2*B61))) -> 0 | F61: =IF($A$1=0, 0, ATAN(E61)) -> 0 | G61: =B61-D61*SIN(F61) -> 0.017783602 | H61: =C61+D61*COS(F61) -> 0.015865613 | I61: =B61+D61*SIN(F61) -> 0.017783602 | J61: =C61-D61*COS(F61) -> -0.015865613 | Y61: =IF($Z$1, C61, -0.5) -> -0.5
B62: 0.018379491 | C62: =IF($A$1=0, 0, IF(B62<=$A$2, ($A$1/$A$2^2)*(2*$A$2*B62-B62^2), ($A$1/(1-$A$2)^2)*((1-2*$A$2)+2*$A$2*B62-B62^2))) -> 0 | D62: =IF(B62<$N$1, ($A$3/0.2)*($O$1*SQRT(B62)+$P$1*B62+$Q$1*(B62^2)+$R$1*(B62^3)), ($A$3/0.2)*($S$1+$T$1*(1-B62)+$U$1*((1-B62)^2)+$V$1*((1-B62)^3))) -> 0.016097089 | E62: =IF($A$1=0, 0, IF(B62<=$A$2, ($A$1/$A$2^2) *(2*$A$2-2*B62), ($A$1/(1-$A$2)^2)*(2*$A$2-2*B62))) -> 0 | F62: =IF($A$1=0, 0, ATAN(E62)) -> 0 | G62: =B62-D62*SIN(F62) -> 0.018379491 | H62: =C62+D62*COS(F62) -> 0.016097089 | I62: =B62+D62*SIN(F62) -> 0.018379491 | J62: =C62-D62*COS(F62) -> -0.016097089 | Y62: =IF($Z$1, C62, -0.5) -> -0.5
... B500: 1 | C500: =IF($A$1=0, 0, IF(B500<=$A$2, ($A$1/$A$2^2)*(2*$A$2*B500-B500^2), ($A$1/(1-$A$2)^2)*((1-2*$A$2)+2*$A$2*B500-B500^2))) -> 0 | D500: =IF(B500<$N$1, ($A$3/0.2)*($O$1*SQRT(B500)+$P$1*B500+$Q$1*(B500^2)+$R$1*(B500^3)), ($A$3/0.2)*($S$1+$T$1*(1-B500)+$U$1*((1-B500)^2)+$V$1*((1-B500)^3))) -> 0.0009 | E500: =IF($A$1=0, 0, IF(B500<=$A$2, ($A$1/$A$2^2) *(2*$A$2-2*B500), ($A$1/(1-$A$2)^2)*(2*$A$2-2*B500))) -> 0 | F500: =IF($A$1=0, 0, ATAN(E500)) -> 0 | G500: =B500-D500*SIN(F500) -> 1 | H500: =C500+D500*COS(F500) -> 0.0009 | I500: =B500+D500*SIN(F500) -> 1 | J500: =C500-D500*COS(F500) -> -0.0009 | Y500: =IF($Z$1, C500, -0.5) -> -0.5
G501: 1 | H501: 0 | I501: 1 | J501: 0

Sheet NACA_4mod
A1: BACK | E1: Name | F1: =IF(Data3!L1=1, Data3!A6*100+Data3!M1*10+Data3!N2, Data3!A4*10^5+Data3!A5*10^4+Data3!A6*100+Data3!M1*10+Data3!N2) -> 964
E2: Maximum Camber | F2: =IF(Data3!L1=1, "-", Data3!A1) -> - | H2: Leading-Edge Radius | I2: =0.5*POWER(0.2969*(Data3!A3/0.2)*(Data3!M1/6),2) -> 0.008925148
E3: Position of Camber | F3: =IF(Data3!L1=1, "-", Data3!A2) -> - | H3: Trailing-Edge Angle | I3: =DEGREES(2*ATAN(Data3!$T$1*(F4/0.2))) -> 16.135854
E4: Maximum Thickness | F4: =Data3!A3 -> 0.09
E5: Leading-edge Radius Index | F5: =Data3!$M$1 -> 6
E6: Position of Maximum Thickness | F6: =Data3!N1 -> 0.4

Sheet Data4
B1: {=1-COS((_xlfn.SEQUENCE(500,1,0,1)*PI())/(2*(500-1)))} -> 0 | C1: =IF(B1<$N$1, ($A$7/0.2)*($O$1*SQRT(B1)+$P$1*B1+$Q$1*(B1^2)+$R$1*(B1^3)), ($A$7/0.2)*($S$1+$T$1*(1-B1)+$U$1*((1-B1)^2)+$V$1*((1-B1)^3))) -> 0 | D1: =IF(B1<$A$8, ($A$10/6)*((B1^3)-3*$A$8*(B1^2)+($A$8^2)*(3-$A$8)*B1), (($A$10*($A$8^3))/6)*(1-B1)) -> 0 | E1: =IF(B1<$A$8, ($A$10/6)*(3*(B1^2)-6*$A$8*B1+($A$8^2)*(3-$A$8)), -($A$10*($A$8^3))/6) -> 0.3048979 | F1: =ATAN(E1) -> 0.29594421 | G1: =B1-C1*SIN(F1) -> 0 | H1: =D1+C1*COS(F1) -> 0 | I1: =B1+C1*SIN(F1) -> 0 | J1: =D1-C1*COS(F1) -> 0 | K1: 0.2 | M1: 6 | N1: =N2/10 -> 0.4 | O1: =IF($M$1=9, 0.2969*SQRT(3),0.2969*(M1/6)) -> 0.2969 | P1: =(0.3/N1)-1.875*(O1/SQRT(N1))-0.1*(N1/W1) -> -0.24686689 | Q1: =-(0.3/(N1^2))+1.25*(O1/POWER(N1, 3/2))+(0.2/W1) -> 0.1753337 | R1: =(0.1/N1^3)-0.375*(O1/POWER(N1, 5/2))-(0.1/(W1*N1)) -> -0.26691694 | S1: =IF(Z3, 0, 0.002) -> 0.002 | T1: =IF(N1=0.2, 0.2, IF(N1=0.3, 0.234, IF(N1=0.4, 0.315, IF(N1=0.5, 0.465, 0.7)))) -> 0.315 | U1: =(3*(0.1-S1)-2*(1-N1)*T1)/((1-N1)^2) -> -0.23333333 | V1: =(-2*(0.1-S1)+(1-N1)*T1)/((1-N1)^3) -> -0.032407407 | W1: =0.2*((1-N1)^2/(0.588-2*T1*(1-N1))) -> 0.34285714 | Y1: =IF($Z$1, D1, -0.5) -> -0.5 | Z1: FALSE | AA1: =$F$1 -> 0.29594421 | AB1: {=_xlfn.SEQUENCE(50, 1, 0, (2*PI())/(50-1))} -> 0 | AC1: =$AA$2*(COS(ATAN($AA$1))+COS(AB1)) -> 0.03108157 | AD1: =IF($Z$2, $AA$2*(SIN(ATAN($AA$1))+SIN(AB1)), -0.5) -> -0.5
A2: 2 | B2: 4.9545967e-06 | C2: =IF(B2<$N$1, ($A$7/0.2)*($O$1*SQRT(B2)+$P$1*B2+$Q$1*(B2^2)+$R$1*(B2^3)), ($A$7/0.2)*($S$1+$T$1*(1-B2)+$U$1*((1-B2)^2)+$V$1*((1-B2)^3))) -> 0.00039578659 | D2: =IF(B2<$A$8, ($A$10/6)*((B2^3)-3*$A$8*(B2^2)+($A$8^2)*(3-$A$8)*B2), (($A$10*($A$8^3))/6)*(1-B2)) -> 1.5106065e-06 | E2: =IF(B2<$A$8, ($A$10/6)*(3*(B2^2)-6*$A$8*B2+($A$8^2)*(3-$A$8)), -($A$10*($A$8^3))/6) -> 0.30488192 | F2: =ATAN(E2) -> 0.29592958 | G2: =B2-C2*SIN(F2) -> -0.00011046831 | H2: =D2+C2*COS(F2) -> 0.00038009293 | I2: =B2+C2*SIN(F2) -> 0.0001203775 | J2: =D2-C2*COS(F2) -> -0.00037707172 | K2: =K1-(K1-K1*SQRT(K1/3)-$A$5)/(1-SQRT(3*K1)/2) -> 0.20267631 | N2: 4 | Y2: =IF($Z$1, D2, -0.5) -> -0.5 | Z2: FALSE | AA2: =0.5*(0.2969*($A$7/0.2)*($M$1/6))^2 -> 0.01586693 | AB2: 0.12822827 | AC2: =$AA$2*(COS(ATAN($AA$1))+COS(AB2)) -> 0.030951303 | AD2: =IF($Z$2, $AA$2*(SIN(ATAN($AA$1))+SIN(AB2)), -0.5) -> -0.5
A3: 3 | B3: 1.9818338e-05 | C3: =IF(B3<$N$1, ($A$7/0.2)*($O$1*SQRT(B3)+$P$1*B3+$Q$1*(B3^2)+$R$1*(B3^3)), ($A$7/0.2)*($S$1+$T$1*(1-B3)+$U$1*((1-B3)^2)+$V$1*((1-B3)^3))) -> 0.00079010449 | D3: =IF(B3<$A$8, ($A$10/6)*((B3^3)-3*$A$8*(B3^2)+($A$8^2)*(3-$A$8)*B3), (($A$10*($A$8^3))/6)*(1-B3)) -> 6.041936e-06 | E3: =IF(B3<$A$8, ($A$10/6)*(3*(B3^2)-6*$A$8*B3+($A$8^2)*(3-$A$8)), -($A$10*($A$8^3))/6) -> 0.30483396 | F3: =ATAN(E3) -> 0.2958857 | G3: =B3-C3*SIN(F3) -> -0.000210566 | H3: =D3+C3*COS(F3) -> 0.00076181185 | I3: =B3+C3*SIN(F3) -> 0.00025020267 | J3: =D3-C3*COS(F3) -> -0.00074972797 | K3: =K2-(K2-K2*SQRT(K2/3)-$A$5)/(1-SQRT(3*K2)/2) -> 0.20268198 | Y3: =IF($Z$1, D3, -0.5) -> -0.5 | Z3: FALSE | AB3: 0.25645654 | AC3: =$AA$2*(COS(ATAN($AA$1))+COS(AB3)) -> 0.03056264 | AD3: =IF($Z$2, $AA$2*(SIN(ATAN($AA$1))+SIN(AB3)), -0.5) -> -0.5
A4: 12 | B4: 4.4591076e-05 | C4: =IF(B4<$N$1, ($A$7/0.2)*($O$1*SQRT(B4)+$P$1*B4+$Q$1*(B4^2)+$R$1*(B4^3)), ($A$7/0.2)*($S$1+$T$1*(1-B4)+$U$1*((1-B4)^2)+$V$1*((1-B4)^3))) -> 0.0011829528 | D4: =IF(B4<$A$8, ($A$10/6)*((B4^3)-3*$A$8*(B4^2)+($A$8^2)*(3-$A$8)*B4), (($A$10*($A$8^3))/6)*(1-B4)) -> 1.3592518e-05 | E4: =IF(B4<$A$8, ($A$10/6)*(3*(B4^2)-6*$A$8*B4+($A$8^2)*(3-$A$8)), -($A$10*($A$8^3))/6) -> 0.30475404 | F4: =ATAN(E4) -> 0.29581257 | G4: =B4-C4*SIN(F4) -> -0.00030026005 | H4: =D4+C4*COS(F4) -> 0.0011451645 | I4: =B4+C4*SIN(F4) -> 0.0003894422 | J4: =D4-C4*COS(F4) -> -0.0011179794 | K4: =K3-(K3-K3*SQRT(K3/3)-$A$5)/(1-SQRT(3*K3)/2) -> 0.20268198 | Y4: =IF($Z$1, D4, -0.5) -> -0.5 | AB4: 0.38468481 | AC4: =$AA$2*(COS(ATAN($AA$1))+COS(AB4)) -> 0.029921964 | AD4: =IF($Z$2, $AA$2*(SIN(ATAN($AA$1))+SIN(AB4)), -0.5) -> -0.5
A5: =0.05*$A$3 -> 0.15 | B5: 7.9272565e-05 | C5: =IF(B5<$N$1, ($A$7/0.2)*($O$1*SQRT(B5)+$P$1*B5+$Q$1*(B5^2)+$R$1*(B5^3)), ($A$7/0.2)*($S$1+$T$1*(1-B5)+$U$1*((1-B5)^2)+$V$1*((1-B5)^3))) -> 0.0015743308 | D5: =IF(B5<$A$8, ($A$10/6)*((B5^3)-3*$A$8*(B5^2)+($A$8^2)*(3-$A$8)*B5), (($A$10*($A$8^3))/6)*(1-B5)) -> 2.4159902e-05 | E5: =IF(B5<$A$8, ($A$10/6)*(3*(B5^2)-6*$A$8*B5+($A$8^2)*(3-$A$8)), -($A$10*($A$8^3))/6) -> 0.30464217 | F5: =ATAN(E5) -> 0.29571021 | G5: =B5-C5*SIN(F5) -> -0.00037951783 | H5: =D5+C5*COS(F5) -> 0.0015301575 | I5: =B5+C5*SIN(F5) -> 0.00053806296 | J5: =D5-C5*COS(F5) -> -0.0014818377 | K5: =K4-(K4-K4*SQRT(K4/3)-$A$5)/(1-SQRT(3*K4)/2) -> 0.20268198 | Y5: =IF($Z$1, D5, -0.5) -> -0.5 | AB5: 0.51291309 | AC5: =$AA$2*(COS(ATAN($AA$1))+COS(AB5)) -> 0.029039793 | AD5: =IF($Z$2, $AA$2*(SIN(ATAN($AA$1))+SIN(AB5)), -0.5) -> -0.5
A6: =A2/100 -> 0.02 | B6: 0.00012386246 | C6: =IF(B6<$N$1, ($A$7/0.2)*($O$1*SQRT(B6)+$P$1*B6+$Q$1*(B6^2)+$R$1*(B6^3)), ($A$7/0.2)*($S$1+$T$1*(1-B6)+$U$1*((1-B6)^2)+$V$1*((1-B6)^3))) -> 0.0019642377 | D6: =IF(B6<$A$8, ($A$10/6)*((B6^3)-3*$A$8*(B6^2)+($A$8^2)*(3-$A$8)*B6), (($A$10*($A$8^3))/6)*(1-B6)) -> 3.7740659e-05 | E6: =IF(B6<$A$8, ($A$10/6)*(3*(B6^2)-6*$A$8*B6+($A$8^2)*(3-$A$8)), -($A$10*($A$8^3))/6) -> 0.30449837 | F6: =ATAN(E6) -> 0.29557861 | G6: =B6-C6*SIN(F6) -> -0.00044830707 | H6: =D6+C6*COS(F6) -> 0.0019167968 | I6: =B6+C6*SIN(F6) -> 0.00069603199 | J6: =D6-C6*COS(F6) -> -0.0018413155 | K6: =K5-(K5-K5*SQRT(K5/3)-$A$5)/(1-SQRT(3*K5)/2) -> 0.20268198 | Y6: =IF($Z$1, D6, -0.5) -> -0.5 | AB6: 0.64114136 | AC6: =$AA$2*(COS(ATAN($AA$1))+COS(AB6)) -> 0.027930614 | AD6: =IF($Z$2, $AA$2*(SIN(ATAN($AA$1))+SIN(AB6)), -0.5) -> -0.5
A7: =A4/100 -> 0.12 | B7: 0.00017836033 | C7: =IF(B7<$N$1, ($A$7/0.2)*($O$1*SQRT(B7)+$P$1*B7+$Q$1*(B7^2)+$R$1*(B7^3)), ($A$7/0.2)*($S$1+$T$1*(1-B7)+$U$1*((1-B7)^2)+$V$1*((1-B7)^3))) -> 0.002352673 | D7: =IF(B7<$A$8, ($A$10/6)*((B7^3)-3*$A$8*(B7^2)+($A$8^2)*(3-$A$8)*B7), (($A$10*($A$8^3))/6)*(1-B7)) -> 5.4330381e-05 | E7: =IF(B7<$A$8, ($A$10/6)*(3*(B7^2)-6*$A$8*B7+($A$8^2)*(3-$A$8)), -($A$10*($A$8^3))/6) -> 0.30432266 | F7: =ATAN(E7) -> 0.2954178 | G7: =B7-C7*SIN(F7) -> -0.00050659589 | H7: =D7+C7*COS(F7) -> 0.0023050869 | I7: =B7+C7*SIN(F7) -> 0.00086331654 | J7: =D7-C7*COS(F7) -> -0.0021964262 | K7: =K6-(K6-K6*SQRT(K6/3)-$A$5)/(1-SQRT(3*K6)/2) -> 0.20268198 | Y7: =IF($Z$1, D7, -0.5) -> -0.5 | AB7: 0.76936963 | AC7: =$AA$2*(COS(ATAN($AA$1))+COS(AB7)) -> 0.026612639 | AD7: =IF($Z$2, $AA$2*(SIN(ATAN($AA$1))+SIN(AB7)), -0.5) -> -0.5
A8: =K20 -> 0.20268198 | B8: 0.00024276562 | C8: =IF(B8<$N$1, ($A$7/0.2)*($O$1*SQRT(B8)+$P$1*B8+$Q$1*(B8^2)+$R$1*(B8^3)), ($A$7/0.2)*($S$1+$T$1*(1-B8)+$U$1*((1-B8)^2)+$V$1*((1-B8)^3))) -> 0.0027396359 | D8: =IF(B8<$A$8, ($A$10/6)*((B8^3)-3*$A$8*(B8^2)+($A$8^2)*(3-$A$8)*B8), (($A$10*($A$8^3))/6)*(1-B8)) -> 7.3923685e-05 | E8: =IF(B8<$A$8, ($A$10/6)*(3*(B8^2)-6*$A$8*B8+($A$8^2)*(3-$A$8)), -($A$10*($A$8^3))/6) -> 0.30411506 | F8: =ATAN(E8) -> 0.29522779 | G8: =B8-C8*SIN(F8) -> -0.00055435281 | H8: =D8+C8*COS(F8) -> 0.0026950317 | I8: =B8+C8*SIN(F8) -> 0.001039884 | J8: =D8-C8*COS(F8) -> -0.0025471843 | K8: =K7-(K7-K7*SQRT(K7/3)-$A$5)/(1-SQRT(3*K7)/2) -> 0.20268198 | Y8: =IF($Z$1, D8, -0.5) -> -0.5 | AB8: 0.8975979 | AC8: =$AA$2*(COS(ATAN($AA$1))+COS(AB8)) -> 0.02510751 | AD8: =IF($Z$2, $AA$2*(SIN(ATAN($AA$1))+SIN(AB8)), -0.5) -> -0.5
A9: =(3*A8-7*A8^2+8*A8^3-4*A8^4)/SQRT(A8-A8^2)-1.5*(1-2*A8)*(PI()/2-ASIN(1-2*A8)) -> 0.1130678 | B9: 0.00031707769 | C9: =IF(B9<$N$1, ($A$7/0.2)*($O$1*SQRT(B9)+$P$1*B9+$Q$1*(B9^2)+$R$1*(B9^3)), ($A$7/0.2)*($S$1+$T$1*(1-B9)+$U$1*((1-B9)^2)+$V$1*((1-B9)^3))) -> 0.0031251262 | D9: =IF(B9<$A$8, ($A$10/6)*((B9^3)-3*$A$8*(B9^2)+($A$8^2)*(3-$A$8)*B9), (($A$10*($A$8^3))/6)*(1-B9)) -> 9.6514209e-05 | E9: =IF(B9<$A$8, ($A$10/6)*(3*(B9^2)-6*$A$8*B9+($A$8^2)*(3-$A$8)), -($A$10*($A$8^3))/6) -> 0.30387561 | F9: =ATAN(E9) -> 0.2950086 | G9: =B9-C9*SIN(F9) -> -0.00059154673 | H9: =D9+C9*COS(F9) -> 0.0030866338 | I9: =B9+C9*SIN(F9) -> 0.0012257021 | J9: =D9-C9*COS(F9) -> -0.0028936054 | K9: =K8-(K8-K8*SQRT(K8/3)-$A$5)/(1-SQRT(3*K8)/2) -> 0.20268198 | Y9: =IF($Z$1, D9, -0.5) -> -0.5 | AB9: 1.0258262 | AC9: =$AA$2*(COS(ATAN($AA$1))+COS(AB9)) -> 0.023439939 | AD9: =IF($Z$2, $AA$2*(SIN(ATAN($AA$1))+SIN(AB9)), -0.5) -> -0.5
A10: =(6*0.15*A2)/A9 -> 15.919652 | B10: 0.00040129582 | C10: =IF(B10<$N$1, ($A$7/0.2)*($O$1*SQRT(B10)+$P$1*B10+$Q$1*(B10^2)+$R$1*(B10^3)), ($A$7/0.2)*($S$1+$T$1*(1-B10)+$U$1*((1-B10)^2)+$V$1*((1-B10)^3))) -> 0.0035091432 | D10: =IF(B10<$A$8, ($A$10/6)*((B10^3)-3*$A$8*(B10^2)+($A$8^2)*(3-$A$8)*B10), (($A$10*($A$8^3))/6)*(1-B10)) -> 0.00012209462 | E10: =IF(B10<$A$8, ($A$10/6)*(3*(B10^2)-6*$A$8*B10+($A$8^2)*(3-$A$8)), -($A$10*($A$8^3))/6) -> 0.30360436 | F10: =ATAN(E10) -> 0.29476025 | G10: =B10-C10*SIN(F10) -> -0.00061814696 | H10: =D10+C10*COS(F10) -> 0.0034798949 | I10: =B10+C10*SIN(F10) -> 0.0014207386 | J10: =D10-C10*COS(F10) -> -0.0032357056 | K10: =K9-(K9-K9*SQRT(K9/3)-$A$5)/(1-SQRT(3*K9)/2) -> 0.20268198 | Y10: =IF($Z$1, D10, -0.5) -> -0.5 | AB10: 1.1540544 | AC10: =$AA$2*(COS(ATAN($AA$1))+COS(AB10)) -> 0.02163731 | AD10: =IF($Z$2, $AA$2*(SIN(ATAN($AA$1))+SIN(AB10)), -0.5) -> -0.5
B11: 0.00049541917 | C11: =IF(B11<$N$1, ($A$7/0.2)*($O$1*SQRT(B11)+$P$1*B11+$Q$1*(B11^2)+$R$1*(B11^3)), ($A$7/0.2)*($S$1+$T$1*(1-B11)+$U$1*((1-B11)^2)+$V$1*((1-B11)^3))) -> 0.0038916868 | D11: =IF(B11<$A$8, ($A$10/6)*((B11^3)-3*$A$8*(B11^2)+($A$8^2)*(3-$A$8)*B11), (($A$10*($A$8^3))/6)*(1-B11)) -> 0.00015065662 | E11: =IF(B11<$A$8, ($A$10/6)*(3*(B11^2)-6*$A$8*B11+($A$8^2)*(3-$A$8)), -($A$10*($A$8^3))/6) -> 0.30330133 | F11: =ATAN(E11) -> 0.29448278 | G11: =B11-C11*SIN(F11) -> -0.00063412319 | H11: =D11+C11*COS(F11) -> 0.0038748156 | I11: =B11+C11*SIN(F11) -> 0.0016249615 | J11: =D11-C11*COS(F11) -> -0.0035735024 | K11: =K10-(K10-K10*SQRT(K10/3)-$A$5)/(1-SQRT(3*K10)/2) -> 0.20268198 | Y11: =IF($Z$1, D11, -0.5) -> -0.5 | AB11: 1.2822827 | AC11: =$AA$2*(COS(ATAN($AA$1))+COS(AB11)) -> 0.01972922 | AD11: =IF($Z$2, $AA$2*(SIN(ATAN($AA$1))+SIN(AB11)), -0.5) -> -0.5
B12: 0.0005994468 | C12: =IF(B12<$N$1, ($A$7/0.2)*($O$1*SQRT(B12)+$P$1*B12+$Q$1*(B12^2)+$R$1*(B12^3)), ($A$7/0.2)*($S$1+$T$1*(1-B12)+$U$1*((1-B12)^2)+$V$1*((1-B12)^3))) -> 0.0042727566 | D12: =IF(B12<$A$8, ($A$10/6)*((B12^3)-3*$A$8*(B12^2)+($A$8^2)*(3-$A$8)*B12), (($A$10*($A$8^3))/6)*(1-B12)) -> 0.00018219092 | E12: =IF(B12<$A$8, ($A$10/6)*(3*(B12^2)-6*$A$8*B12+($A$8^2)*(3-$A$8)), -($A$10*($A$8^3))/6) -> 0.30296657 | F12: =ATAN(E12) -> 0.2941762 | G12: =B12-C12*SIN(F12) -> -0.00063944553 | H12: =D12+C12*COS(F12) -> 0.0042713956 | I12: =B12+C12*SIN(F12) -> 0.0018383391 | J12: =D12-C12*COS(F12) -> -0.0039070137 | K12: =K11-(K11-K11*SQRT(K11/3)-$A$5)/(1-SQRT(3*K11)/2) -> 0.20268198 | Y12: =IF($Z$1, D12, -0.5) -> -0.5 | AB12: 1.410511 | AC12: =$AA$2*(COS(ATAN($AA$1))+COS(AB12)) -> 0.017747001 | AD12: =IF($Z$2, $AA$2*(SIN(ATAN($AA$1))+SIN(AB12)), -0.5) -> -0.5
B13: 0.00071337768 | C13: =IF(B13<$N$1, ($A$7/0.2)*($O$1*SQRT(B13)+$P$1*B13+$Q$1*(B13^2)+$R$1*(B13^3)), ($A$7/0.2)*($S$1+$T$1*(1-B13)+$U$1*((1-B13)^2)+$V$1*((1-B13)^3))) -> 0.0046523525 | D13: =IF(B13<$A$8, ($A$10/6)*((B13^3)-3*$A$8*(B13^2)+($A$8^2)*(3-$A$8)*B13), (($A$10*($A$8^3))/6)*(1-B13)) -> 0.0002166873 | E13: =IF(B13<$A$8, ($A$10/6)*(3*(B13^2)-6*$A$8*B13+($A$8^2)*(3-$A$8)), -($A$10*($A$8^3))/6) -> 0.30260015 | F13: =ATAN(E13) -> 0.29384054 | G13: =B13-C13*SIN(F13) -> -0.0006340845 | H13: =D13+C13*COS(F13) -> 0.0046696334 | I13: =B13+C13*SIN(F13) -> 0.0020608399 | J13: =D13-C13*COS(F13) -> -0.0042362588 | K13: =K12-(K12-K12*SQRT(K12/3)-$A$5)/(1-SQRT(3*K12)/2) -> 0.20268198 | Y13: =IF($Z$1, D13, -0.5) -> -0.5 | AB13: 1.5387393 | AC13: =$AA$2*(COS(ATAN($AA$1))+COS(AB13)) -> 0.015723201 | AD13: =IF($Z$2, $AA$2*(SIN(ATAN($AA$1))+SIN(AB13)), -0.5) -> -0.5
B14: 0.00083721069 | C14: =IF(B14<$N$1, ($A$7/0.2)*($O$1*SQRT(B14)+$P$1*B14+$Q$1*(B14^2)+$R$1*(B14^3)), ($A$7/0.2)*($S$1+$T$1*(1-B14)+$U$1*((1-B14)^2)+$V$1*((1-B14)^3))) -> 0.0050304743 | D14: =IF(B14<$A$8, ($A$10/6)*((B14^3)-3*$A$8*(B14^2)+($A$8^2)*(3-$A$8)*B14), (($A$10*($A$8^3))/6)*(1-B14)) -> 0.00025413453 | E14: =IF(B14<$A$8, ($A$10/6)*(3*(B14^2)-6*$A$8*B14+($A$8^2)*(3-$A$8)), -($A$10*($A$8^3))/6) -> 0.30220212 | F14: =ATAN(E14) -> 0.29347586 | G14: =B14-C14*SIN(F14) -> -0.00061801102 | H14: =D14+C14*COS(F14) -> 0.0050695267 | I14: =B14+C14*SIN(F14) -> 0.0022924324 | J14: =D14-C14*COS(F14) -> -0.0045612576 | K14: =K13-(K13-K13*SQRT(K13/3)-$A$5)/(1-SQRT(3*K13)/2) -> 0.20268198 | Y14: =IF($Z$1, D14, -0.5) -> -0.5 | AB14: 1.6669675 | AC14: =$AA$2*(COS(ATAN($AA$1))+COS(AB14)) -> 0.01369105 | AD14: =IF($Z$2, $AA$2*(SIN(ATAN($AA$1))+SIN(AB14)), -0.5) -> -0.5
B15: 0.00097094459 | C15: =IF(B15<$N$1, ($A$7/0.2)*($O$1*SQRT(B15)+$P$1*B15+$Q$1*(B15^2)+$R$1*(B15^3)), ($A$7/0.2)*($S$1+$T$1*(1-B15)+$U$1*((1-B15)^2)+$V$1*((1-B15)^3))) -> 0.0054071221 | D15: =IF(B15<$A$8, ($A$10/6)*((B15^3)-3*$A$8*(B15^2)+($A$8^2)*(3-$A$8)*B15), (($A$10*($A$8^3))/6)*(1-B15)) -> 0.00029452048 | E15: =IF(B15<$A$8, ($A$10/6)*(3*(B15^2)-6*$A$8*B15+($A$8^2)*(3-$A$8)), -($A$10*($A$8^3))/6) -> 0.30177253 | F15: =ATAN(E15) -> 0.29308218 | G15: =B15-C15*SIN(F15) -> -0.00059119645 | H15: =D15+C15*COS(F15) -> 0.0054710719 | I15: =B15+C15*SIN(F15) -> 0.0025330856 | J15: =D15-C15*COS(F15) -> -0.004882031 | K15: =K14-(K14-K14*SQRT(K14/3)-$A$5)/(1-SQRT(3*K14)/2) -> 0.20268198 | Y15: =IF($Z$1, D15, -0.5) -> -0.5 | AB15: 1.7951958 | AC15: =$AA$2*(COS(ATAN($AA$1))+COS(AB15)) -> 0.011683917 | AD15: =IF($Z$2, $AA$2*(SIN(ATAN($AA$1))+SIN(AB15)), -0.5) -> -0.5
B16: 0.0011145781 | C16: =IF(B16<$N$1, ($A$7/0.2)*($O$1*SQRT(B16)+$P$1*B16+$Q$1*(B16^2)+$R$1*(B16^3)), ($A$7/0.2)*($S$1+$T$1*(1-B16)+$U$1*((1-B16)^2)+$V$1*((1-B16)^3))) -> 0.0057822959 | D16: =IF(B16<$A$8, ($A$10/6)*((B16^3)-3*$A$8*(B16^2)+($A$8^2)*(3-$A$8)*B16), (($A$10*($A$8^3))/6)*(1-B16)) -> 0.000337832 | E16: =IF(B16<$A$8, ($A$10/6)*(3*(B16^2)-6*$A$8*B16+($A$8^2)*(3-$A$8)), -($A$10*($A$8^3))/6) -> 0.30131147 | F16: =ATAN(E16) -> 0.29265954 | G16: =B16-C16*SIN(F16) -> -0.00055361254 | H16: =D16+C16*COS(F16) -> 0.0058742646 | I16: =B16+C16*SIN(F16) -> 0.0027827687 | J16: =D16-C16*COS(F16) -> -0.0051986006 | K16: =K15-(K15-K15*SQRT(K15/3)-$A$5)/(1-SQRT(3*K15)/2) -> 0.20268198 | Y16: =IF($Z$1, D16, -0.5) -> -0.5 | AB16: 1.9234241 | AC16: =$AA$2*(COS(ATAN($AA$1))+COS(AB16)) -> 0.0097347576 | AD16: =IF($Z$2, $AA$2*(SIN(ATAN($AA$1))+SIN(AB16)), -0.5) -> -0.5
B17: 0.0012681097 | C17: =IF(B17<$N$1, ($A$7/0.2)*($O$1*SQRT(B17)+$P$1*B17+$Q$1*(B17^2)+$R$1*(B17^3)), ($A$7/0.2)*($S$1+$T$1*(1-B17)+$U$1*((1-B17)^2)+$V$1*((1-B17)^3))) -> 0.0061559957 | D17: =IF(B17<$A$8, ($A$10/6)*((B17^3)-3*$A$8*(B17^2)+($A$8^2)*(3-$A$8)*B17), (($A$10*($A$8^3))/6)*(1-B17)) -> 0.00038405503 | E17: =IF(B17<$A$8, ($A$10/6)*(3*(B17^2)-6*$A$8*B17+($A$8^2)*(3-$A$8)), -($A$10*($A$8^3))/6) -> 0.30081899 | F17: =ATAN(E17) -> 0.29220799 | G17: =B17-C17*SIN(F17) -> -0.00050523149 | H17: =D17+C17*COS(F17) -> 0.0062790991 | I17: =B17+C17*SIN(F17) -> 0.0030414509 | J17: =D17-C17*COS(F17) -> -0.005510989 | K17: =K16-(K16-K16*SQRT(K16/3)-$A$5)/(1-SQRT(3*K16)/2) -> 0.20268198 | Y17: =IF($Z$1, D17, -0.5) -> -0.5 | AB17: 2.0516523 | AC17: =$AA$2*(COS(ATAN($AA$1))+COS(AB17)) -> 0.0078755781 | AD17: =IF($Z$2, $AA$2*(SIN(ATAN($AA$1))+SIN(AB17)), -0.5) -> -0.5
B18: 0.0014315379 | C18: =IF(B18<$N$1, ($A$7/0.2)*($O$1*SQRT(B18)+$P$1*B18+$Q$1*(B18^2)+$R$1*(B18^3)), ($A$7/0.2)*($S$1+$T$1*(1-B18)+$U$1*((1-B18)^2)+$V$1*((1-B18)^3))) -> 0.0065282218 | D18: =IF(B18<$A$8, ($A$10/6)*((B18^3)-3*$A$8*(B18^2)+($A$8^2)*(3-$A$8)*B18), (($A$10*($A$8^3))/6)*(1-B18)) -> 0.00043317454 | E18: =IF(B18<$A$8, ($A$10/6)*(3*(B18^2)-6*$A$8*B18+($A$8^2)*(3-$A$8)), -($A$10*($A$8^3))/6) -> 0.30029518 | F18: =ATAN(E18) -> 0.29172758 | G18: =B18-C18*SIN(F18) -> -0.00044602591 | H18: =D18+C18*COS(F18) -> 0.0066855688 | I18: =B18+C18*SIN(F18) -> 0.0033091018 | J18: =D18-C18*COS(F18) -> -0.0058192197 | K18: =K17-(K17-K17*SQRT(K17/3)-$A$5)/(1-SQRT(3*K17)/2) -> 0.20268198 | Y18: =IF($Z$1, D18, -0.5) -> -0.5 | AB18: 2.1798806 | AC18: =$AA$2*(COS(ATAN($AA$1))+COS(AB18)) -> 0.0061369058 | AD18: =IF($Z$2, $AA$2*(SIN(ATAN($AA$1))+SIN(AB18)), -0.5) -> -0.5
B19: 0.0016048612 | C19: =IF(B19<$N$1, ($A$7/0.2)*($O$1*SQRT(B19)+$P$1*B19+$Q$1*(B19^2)+$R$1*(B19^3)), ($A$7/0.2)*($S$1+$T$1*(1-B19)+$U$1*((1-B19)^2)+$V$1*((1-B19)^3))) -> 0.0068989745 | D19: =IF(B19<$A$8, ($A$10/6)*((B19^3)-3*$A$8*(B19^2)+($A$8^2)*(3-$A$8)*B19), (($A$10*($A$8^3))/6)*(1-B19)) -> 0.00048517457 | E19: =IF(B19<$A$8, ($A$10/6)*(3*(B19^2)-6*$A$8*B19+($A$8^2)*(3-$A$8)), -($A$10*($A$8^3))/6) -> 0.29974012 | F19: =ATAN(E19) -> 0.29121835 | G19: =B19-C19*SIN(F19) -> -0.00037596886 | H19: =D19+C19*COS(F19) -> 0.0070936662 | I19: =B19+C19*SIN(F19) -> 0.0035856913 | J19: =D19-C19*COS(F19) -> -0.0061233171 | K19: =K18-(K18-K18*SQRT(K18/3)-$A$5)/(1-SQRT(3*K18)/2) -> 0.20268198 | Y19: =IF($Z$1, D19, -0.5) -> -0.5 | AB19: 2.3081089 | AC19: =$AA$2*(COS(ATAN($AA$1))+COS(AB19)) -> 0.0045472897 | AD19: =IF($Z$2, $AA$2*(SIN(ATAN($AA$1))+SIN(AB19)), -0.5) -> -0.5
B20: 0.0017880778 | C20: =IF(B20<$N$1, ($A$7/0.2)*($O$1*SQRT(B20)+$P$1*B20+$Q$1*(B20^2)+$R$1*(B20^3)), ($A$7/0.2)*($S$1+$T$1*(1-B20)+$U$1*((1-B20)^2)+$V$1*((1-B20)^3))) -> 0.0072682541 | D20: =IF(B20<$A$8, ($A$10/6)*((B20^3)-3*$A$8*(B20^2)+($A$8^2)*(3-$A$8)*B20), (($A$10*($A$8^3))/6)*(1-B20)) -> 0.00054003821 | E20: =IF(B20<$A$8, ($A$10/6)*(3*(B20^2)-6*$A$8*B20+($A$8^2)*(3-$A$8)), -($A$10*($A$8^3))/6) -> 0.2991539 | F20: =ATAN(E20) -> 0.29068037 | G20: =B20-C20*SIN(F20) -> -0.00029503381 | H20: =D20+C20*COS(F20) -> 0.0075033825 | I20: =B20+C20*SIN(F20) -> 0.0038711893 | J20: =D20-C20*COS(F20) -> -0.0064233061 | K20: =K19-(K19-K19*SQRT(K19/3)-$A$5)/(1-SQRT(3*K19)/2) -> 0.20268198 | Y20: =IF($Z$1, D20, -0.5) -> -0.5 | AB20: 2.4363372 | AC20: =$AA$2*(COS(ATAN($AA$1))+COS(AB20)) -> 0.0031328311 | AD20: =IF($Z$2, $AA$2*(SIN(ATAN($AA$1))+SIN(AB20)), -0.5) -> -0.5
B21: 0.0019811858 | C21: =IF(B21<$N$1, ($A$7/0.2)*($O$1*SQRT(B21)+$P$1*B21+$Q$1*(B21^2)+$R$1*(B21^3)), ($A$7/0.2)*($S$1+$T$1*(1-B21)+$U$1*((1-B21)^2)+$V$1*((1-B21)^3))) -> 0.007636061 | D21: =IF(B21<$A$8, ($A$10/6)*((B21^3)-3*$A$8*(B21^2)+($A$8^2)*(3-$A$8)*B21), (($A$10*($A$8^3))/6)*(1-B21)) -> 0.00059774762 | E21: =IF(B21<$A$8, ($A$10/6)*(3*(B21^2)-6*$A$8*B21+($A$8^2)*(3-$A$8)), -($A$10*($A$8^3))/6) -> 0.2985366 | F21: =ATAN(E21) -> 0.29011369 | G21: =B21-C21*SIN(F21) -> -0.0002031947 | H21: =D21+C21*COS(F21) -> 0.007914708 | I21: =B21+C21*SIN(F21) -> 0.0041655663 | J21: =D21-C21*COS(F21) -> -0.0067192128 | Y21: =IF($Z$1, D21, -0.5) -> -0.5 | AB21: 2.5645654 | AC21: =$AA$2*(COS(ATAN($AA$1))+COS(AB21)) -> 0.0019167556 | AD21: =IF($Z$2, $AA$2*(SIN(ATAN($AA$1))+SIN(AB21)), -0.5) -> -0.5
B22: 0.0021841834 | C22: =IF(B22<$N$1, ($A$7/0.2)*($O$1*SQRT(B22)+$P$1*B22+$Q$1*(B22^2)+$R$1*(B22^3)), ($A$7/0.2)*($S$1+$T$1*(1-B22)+$U$1*((1-B22)^2)+$V$1*((1-B22)^3))) -> 0.0080023957 | D22: =IF(B22<$A$8, ($A$10/6)*((B22^3)-3*$A$8*(B22^2)+($A$8^2)*(3-$A$8)*B22), (($A$10*($A$8^3))/6)*(1-B22)) -> 0.00065828402 | E22: =IF(B22<$A$8, ($A$10/6)*(3*(B22^2)-6*$A$8*B22+($A$8^2)*(3-$A$8)), -($A$10*($A$8^3))/6) -> 0.29788833 | F22: =ATAN(E22) -> 0.28951836 | G22: =B22-C22*SIN(F22) -> -0.0001004259 | H22: =D22+C22*COS(F22) -> 0.0083276319 | I22: =B22+C22*SIN(F22) -> 0.0044687926 | J22: =D22-C22*COS(F22) -> -0.0070110639 | Y22: =IF($Z$1, D22, -0.5) -> -0.5 | AB22: 2.6927937 | AC22: =$AA$2*(COS(ATAN($AA$1))+COS(AB22)) -> 0.00091903091 | AD22: =IF($Z$2, $AA$2*(SIN(ATAN($AA$1))+SIN(AB22)), -0.5) -> -0.5
B23: 0.0023970685 | C23: =IF(B23<$N$1, ($A$7/0.2)*($O$1*SQRT(B23)+$P$1*B23+$Q$1*(B23^2)+$R$1*(B23^3)), ($A$7/0.2)*($S$1+$T$1*(1-B23)+$U$1*((1-B23)^2)+$V$1*((1-B23)^3))) -> 0.0083672587 | D23: =IF(B23<$A$8, ($A$10/6)*((B23^3)-3*$A$8*(B23^2)+($A$8^2)*(3-$A$8)*B23), (($A$10*($A$8^3))/6)*(1-B23)) -> 0.00072162771 | E23: =IF(B23<$A$8, ($A$10/6)*(3*(B23^2)-6*$A$8*B23+($A$8^2)*(3-$A$8)), -($A$10*($A$8^3))/6) -> 0.2972092 | F23: =ATAN(E23) -> 0.28889446 | G23: =B23-C23*SIN(F23) -> 1.3297781e-05 | H23: =D23+C23*COS(F23) -> 0.0087421424 | I23: =B23+C23*SIN(F23) -> 0.0047808392 | J23: =D23-C23*COS(F23) -> -0.007298887 | Y23: =IF($Z$1, D23, -0.5) -> -0.5 | AB23: 2.821022 | AC23: =$AA$2*(COS(ATAN($AA$1))+COS(AB23)) -> 0.00015603977 | AD23: =IF($Z$2, $AA$2*(SIN(ATAN($AA$1))+SIN(AB23)), -0.5) -> -0.5
B24: 0.0026198391 | C24: =IF(B24<$N$1, ($A$7/0.2)*($O$1*SQRT(B24)+$P$1*B24+$Q$1*(B24^2)+$R$1*(B24^3)), ($A$7/0.2)*($S$1+$T$1*(1-B24)+$U$1*((1-B24)^2)+$V$1*((1-B24)^3))) -> 0.0087306508 | D24: =IF(B24<$A$8, ($A$10/6)*((B24^3)-3*$A$8*(B24^2)+($A$8^2)*(3-$A$8)*B24), (($A$10*($A$8^3))/6)*(1-B24)) -> 0.00078775809 | E24: =IF(B24<$A$8, ($A$10/6)*(3*(B24^2)-6*$A$8*B24+($A$8^2)*(3-$A$8)), -($A$10*($A$8^3))/6) -> 0.2964993 | F24: =ATAN(E24) -> 0.28824205 | G24: =B24-C24*SIN(F24) -> 0.00013800107 | H24: =D24+C24*COS(F24) -> 0.0091582266 | I24: =B24+C24*SIN(F24) -> 0.0051016771 | J24: =D24-C24*COS(F24) -> -0.0075827104 | Y24: =IF($Z$1, D24, -0.5) -> -0.5 | AB24: 2.9492502 | AC24: =$AA$2*(COS(ATAN($AA$1))+COS(AB24)) -> -0.00035968955 | AD24: =IF($Z$2, $AA$2*(SIN(ATAN($AA$1))+SIN(AB24)), -0.5) -> -0.5
B25: 0.0028524929 | C25: =IF(B25<$N$1, ($A$7/0.2)*($O$1*SQRT(B25)+$P$1*B25+$Q$1*(B25^2)+$R$1*(B25^3)), ($A$7/0.2)*($S$1+$T$1*(1-B25)+$U$1*((1-B25)^2)+$V$1*((1-B25)^3))) -> 0.0090925726 | D25: =IF(B25<$A$8, ($A$10/6)*((B25^3)-3*$A$8*(B25^2)+($A$8^2)*(3-$A$8)*B25), (($A$10*($A$8^3))/6)*(1-B25)) -> 0.00085665362 | E25: =IF(B25<$A$8, ($A$10/6)*(3*(B25^2)-6*$A$8*B25+($A$8^2)*(3-$A$8)), -($A$10*($A$8^3))/6) -> 0.29575874 | F25: =ATAN(E25) -> 0.2875612 | G25: =B25-C25*SIN(F25) -> 0.00027370824 | H25: =D25+C25*COS(F25) -> 0.0095758706 | I25: =B25+C25*SIN(F25) -> 0.0054312776 | J25: =D25-C25*COS(F25) -> -0.0078625634 | Y25: =IF($Z$1, D25, -0.5) -> -0.5 | AB25: 3.0774785 | AC25: =$AA$2*(COS(ATAN($AA$1))+COS(AB25)) -> -0.0006196888 | AD25: =IF($Z$2, $AA$2*(SIN(ATAN($AA$1))+SIN(AB25)), -0.5) -> -0.5
B26: 0.0030950276 | C26: =IF(B26<$N$1, ($A$7/0.2)*($O$1*SQRT(B26)+$P$1*B26+$Q$1*(B26^2)+$R$1*(B26^3)), ($A$7/0.2)*($S$1+$T$1*(1-B26)+$U$1*((1-B26)^2)+$V$1*((1-B26)^3))) -> 0.0094530248 | D26: =IF(B26<$A$8, ($A$10/6)*((B26^3)-3*$A$8*(B26^2)+($A$8^2)*(3-$A$8)*B26), (($A$10*($A$8^3))/6)*(1-B26)) -> 0.00092829186 | E26: =IF(B26<$A$8, ($A$10/6)*(3*(B26^2)-6*$A$8*B26+($A$8^2)*(3-$A$8)), -($A$10*($A$8^3))/6) -> 0.29498766 | F26: =ATAN(E26) -> 0.28685199 | G26: =B26-C26*SIN(F26) -> 0.00042044311 | H26: =D26+C26*COS(F26) -> 0.0099950595 | I26: =B26+C26*SIN(F26) -> 0.0057696122 | J26: =D26-C26*COS(F26) -> -0.0081384758 | Y26: =IF($Z$1, D26, -0.5) -> -0.5 | AB26: 3.2057068 | AC26: =$AA$2*(COS(ATAN($AA$1))+COS(AB26)) -> -0.0006196888 | AD26: =IF($Z$2, $AA$2*(SIN(ATAN($AA$1))+SIN(AB26)), -0.5) -> -0.5
B27: 0.0033474409 | C27: =IF(B27<$N$1, ($A$7/0.2)*($O$1*SQRT(B27)+$P$1*B27+$Q$1*(B27^2)+$R$1*(B27^3)), ($A$7/0.2)*($S$1+$T$1*(1-B27)+$U$1*((1-B27)^2)+$V$1*((1-B27)^3))) -> 0.0098120084 | D27: =IF(B27<$A$8, ($A$10/6)*((B27^3)-3*$A$8*(B27^2)+($A$8^2)*(3-$A$8)*B27), (($A$10*($A$8^3))/6)*(1-B27)) -> 0.0010026495 | E27: =IF(B27<$A$8, ($A$10/6)*(3*(B27^2)-6*$A$8*B27+($A$8^2)*(3-$A$8)), -($A$10*($A$8^3))/6) -> 0.29418616 | F27: =ATAN(E27) -> 0.28611449 | G27: =B27-C27*SIN(F27) -> 0.00057822903 | H27: =D27+C27*COS(F27) -> 0.010415777 | I27: =B27+C27*SIN(F27) -> 0.0061166528 | J27: =D27-C27*COS(F27) -> -0.0084104783 | Y27: =IF($Z$1, D27, -0.5) -> -0.5 | AB27: 3.3339351 | AC27: =$AA$2*(COS(ATAN($AA$1))+COS(AB27)) -> -0.00035968955 | AD27: =IF($Z$2, $AA$2*(SIN(ATAN($AA$1))+SIN(AB27)), -0.5) -> -0.5
B28: 0.0036097302 | C28: =IF(B28<$N$1, ($A$7/0.2)*($O$1*SQRT(B28)+$P$1*B28+$Q$1*(B28^2)+$R$1*(B28^3)), ($A$7/0.2)*($S$1+$T$1*(1-B28)+$U$1*((1-B28)^2)+$V$1*((1-B28)^3))) -> 0.010169524 | D28: =IF(B28<$A$8, ($A$10/6)*((B28^3)-3*$A$8*(B28^2)+($A$8^2)*(3-$A$8)*B28), (($A$10*($A$8^3))/6)*(1-B28)) -> 0.0010797023 | E28: =IF(B28<$A$8, ($A$10/6)*(3*(B28^2)-6*$A$8*B28+($A$8^2)*(3-$A$8)), -($A$10*($A$8^3))/6) -> 0.29335437 | F28: =ATAN(E28) -> 0.28534879 | G28: =B28-C28*SIN(F28) -> 0.00074708889 | H28: =D28+C28*COS(F28) -> 0.010838007 | I28: =B28+C28*SIN(F28) -> 0.0064723715 | J28: =D28-C28*COS(F28) -> -0.0086786023 | Y28: =IF($Z$1, D28, -0.5) -> -0.5 | AB28: 3.4621633 | AC28: =$AA$2*(COS(ATAN($AA$1))+COS(AB28)) -> 0.00015603977 | AD28: =IF($Z$2, $AA$2*(SIN(ATAN($AA$1))+SIN(AB28)), -0.5) -> -0.5
B29: 0.0038818929 | C29: =IF(B29<$N$1, ($A$7/0.2)*($O$1*SQRT(B29)+$P$1*B29+$Q$1*(B29^2)+$R$1*(B29^3)), ($A$7/0.2)*($S$1+$T$1*(1-B29)+$U$1*((1-B29)^2)+$V$1*((1-B29)^3))) -> 0.010525573 | D29: =IF(B29<$A$8, ($A$10/6)*((B29^3)-3*$A$8*(B29^2)+($A$8^2)*(3-$A$8)*B29), (($A$10*($A$8^3))/6)*(1-B29)) -> 0.0011594251 | E29: =IF(B29<$A$8, ($A$10/6)*(3*(B29^2)-6*$A$8*B29+($A$8^2)*(3-$A$8)), -($A$10*($A$8^3))/6) -> 0.29249243 | F29: =ATAN(E29) -> 0.28455497 | G29: =B29-C29*SIN(F29) -> 0.00092704509 | H29: =D29+C29*COS(F29) -> 0.01126173 | I29: =B29+C29*SIN(F29) -> 0.0068367407 | J29: =D29-C29*COS(F29) -> -0.0089428801 | Y29: =IF($Z$1, D29, -0.5) -> -0.5 | AB29: 3.5903916 | AC29: =$AA$2*(COS(ATAN($AA$1))+COS(AB29)) -> 0.00091903091 | AD29: =IF($Z$2, $AA$2*(SIN(ATAN($AA$1))+SIN(AB29)), -0.5) -> -0.5
B30: 0.0041639263 | C30: =IF(B30<$N$1, ($A$7/0.2)*($O$1*SQRT(B30)+$P$1*B30+$Q$1*(B30^2)+$R$1*(B30^3)), ($A$7/0.2)*($S$1+$T$1*(1-B30)+$U$1*((1-B30)^2)+$V$1*((1-B30)^3))) -> 0.010880157 | D30: =IF(B30<$A$8, ($A$10/6)*((B30^3)-3*$A$8*(B30^2)+($A$8^2)*(3-$A$8)*B30), (($A$10*($A$8^3))/6)*(1-B30)) -> 0.0012417919 | E30: =IF(B30<$A$8, ($A$10/6)*(3*(B30^2)-6*$A$8*B30+($A$8^2)*(3-$A$8)), -($A$10*($A$8^3))/6) -> 0.29160048 | F30: =ATAN(E30) -> 0.28373311 | G30: =B30-C30*SIN(F30) -> 0.0011181196 | H30: =D30+C30*COS(F30) -> 0.011686928 | I30: =B30+C30*SIN(F30) -> 0.0072097331 | J30: =D30-C30*COS(F30) -> -0.0092033444 | Y30: =IF($Z$1, D30, -0.5) -> -0.5 | AB30: 3.7186199 | AC30: =$AA$2*(COS(ATAN($AA$1))+COS(AB30)) -> 0.0019167556 | AD30: =IF($Z$2, $AA$2*(SIN(ATAN($AA$1))+SIN(AB30)), -0.5) -> -0.5
B31: 0.0044558277 | C31: =IF(B31<$N$1, ($A$7/0.2)*($O$1*SQRT(B31)+$P$1*B31+$Q$1*(B31^2)+$R$1*(B31^3)), ($A$7/0.2)*($S$1+$T$1*(1-B31)+$U$1*((1-B31)^2)+$V$1*((1-B31)^3))) -> 0.011233276 | D31: =IF(B31<$A$8, ($A$10/6)*((B31^3)-3*$A$8*(B31^2)+($A$8^2)*(3-$A$8)*B31), (($A$10*($A$8^3))/6)*(1-B31)) -> 0.0013267759 | E31: =IF(B31<$A$8, ($A$10/6)*(3*(B31^2)-6*$A$8*B31+($A$8^2)*(3-$A$8)), -($A$10*($A$8^3))/6) -> 0.29067865 | F31: =ATAN(E31) -> 0.28288331 | G31: =B31-C31*SIN(F31) -> 0.0013203338 | H31: =D31+C31*COS(F31) -> 0.012113581 | I31: =B31+C31*SIN(F31) -> 0.0075913216 | J31: =D31-C31*COS(F31) -> -0.009460029 | Y31: =IF($Z$1, D31, -0.5) -> -0.5 | AB31: 3.8468481 | AC31: =$AA$2*(COS(ATAN($AA$1))+COS(AB31)) -> 0.0031328311 | AD31: =IF($Z$2, $AA$2*(SIN(ATAN($AA$1))+SIN(AB31)), -0.5) -> -0.5
B32: 0.0047575941 | C32: =IF(B32<$N$1, ($A$7/0.2)*($O$1*SQRT(B32)+$P$1*B32+$Q$1*(B32^2)+$R$1*(B32^3)), ($A$7/0.2)*($S$1+$T$1*(1-B32)+$U$1*((1-B32)^2)+$V$1*((1-B32)^3))) -> 0.011584931 | D32: =IF(B32<$A$8, ($A$10/6)*((B32^3)-3*$A$8*(B32^2)+($A$8^2)*(3-$A$8)*B32), (($A$10*($A$8^3))/6)*(1-B32)) -> 0.0014143493 | E32: =IF(B32<$A$8, ($A$10/6)*(3*(B32^2)-6*$A$8*B32+($A$8^2)*(3-$A$8)), -($A$10*($A$8^3))/6) -> 0.28972709 | F32: =ATAN(E32) -> 0.28200567 | G32: =B32-C32*SIN(F32) -> 0.0015337088 | H32: =D32+C32*COS(F32) -> 0.012541667 | I32: =B32+C32*SIN(F32) -> 0.0079814794 | J32: =D32-C32*COS(F32) -> -0.0097129681 | Y32: =IF($Z$1, D32, -0.5) -> -0.5 | AB32: 3.9750764 | AC32: =$AA$2*(COS(ATAN($AA$1))+COS(AB32)) -> 0.0045472897 | AD32: =IF($Z$2, $AA$2*(SIN(ATAN($AA$1))+SIN(AB32)), -0.5) -> -0.5
... B50: 0.011872429 | C50: =IF(B50<$N$1, ($A$7/0.2)*($O$1*SQRT(B50)+$P$1*B50+$Q$1*(B50^2)+$R$1*(B50^3)), ($A$7/0.2)*($S$1+$T$1*(1-B50)+$U$1*((1-B50)^2)+$V$1*((1-B50)^3))) -> 0.01766627 | D50: =IF(B50<$A$8, ($A$10/6)*((B50^3)-3*$A$8*(B50^2)+($A$8^2)*(3-$A$8)*B50), (($A$10*($A$8^3))/6)*(1-B50)) -> 0.0033969151 | E50: =IF(B50<$A$8, ($A$10/6)*(3*(B50^2)-6*$A$8*B50+($A$8^2)*(3-$A$8)), -($A$10*($A$8^3))/6) -> 0.26771198 | F50: =ATAN(E50) -> 0.26157805 | G50: =B50-C50*SIN(F50) -> 0.0073038393 | H50: =D50+C50*COS(F50) -> 0.020462233 | I50: =B50+C50*SIN(F50) -> 0.016441019 | J50: =D50-C50*COS(F50) -> -0.013668403 | Y50: =IF($Z$1, D50, -0.5) -> -0.5 | AB50: 6.2831853 | AC50: =$AA$2*(COS(ATAN($AA$1))+COS(AB50)) -> 0.03108157 | AD50: =IF($Z$2, $AA$2*(SIN(ATAN($AA$1))+SIN(AB50)), -0.5) -> -0.5
B51: 0.012360952 | C51: =IF(B51<$N$1, ($A$7/0.2)*($O$1*SQRT(B51)+$P$1*B51+$Q$1*(B51^2)+$R$1*(B51^3)), ($A$7/0.2)*($S$1+$T$1*(1-B51)+$U$1*((1-B51)^2)+$V$1*((1-B51)^3))) -> 0.017990438 | D51: =IF(B51<$A$8, ($A$10/6)*((B51^3)-3*$A$8*(B51^2)+($A$8^2)*(3-$A$8)*B51), (($A$10*($A$8^3))/6)*(1-B51)) -> 0.0035273364 | E51: =IF(B51<$A$8, ($A$10/6)*(3*(B51^2)-6*$A$8*B51+($A$8^2)*(3-$A$8)), -($A$10*($A$8^3))/6) -> 0.26622993 | F51: =ATAN(E51) -> 0.26019461 | G51: =B51-C51*SIN(F51) -> 0.007732577 | H51: =D51+C51*COS(F51) -> 0.020912215 | I51: =B51+C51*SIN(F51) -> 0.016989327 | J51: =D51-C51*COS(F51) -> -0.013857543 | Y51: =IF($Z$1, D51, -0.5) -> -0.5
B52: 0.012859262 | C52: =IF(B52<$N$1, ($A$7/0.2)*($O$1*SQRT(B52)+$P$1*B52+$Q$1*(B52^2)+$R$1*(B52^3)), ($A$7/0.2)*($S$1+$T$1*(1-B52)+$U$1*((1-B52)^2)+$V$1*((1-B52)^3))) -> 0.018313182 | D52: =IF(B52<$A$8, ($A$10/6)*((B52^3)-3*$A$8*(B52^2)+($A$8^2)*(3-$A$8)*B52), (($A$10*($A$8^3))/6)*(1-B52)) -> 0.0036596254 | E52: =IF(B52<$A$8, ($A$10/6)*(3*(B52^2)-6*$A$8*B52+($A$8^2)*(3-$A$8)), -($A$10*($A$8^3))/6) -> 0.26472211 | F52: =ATAN(E52) -> 0.25878606 | G52: =B52-C52*SIN(F52) -> 0.0081727862 | H52: =D52+C52*COS(F52) -> 0.021363003 | I52: =B52+C52*SIN(F52) -> 0.017545737 | J52: =D52-C52*COS(F52) -> -0.014043752 | Y52: =IF($Z$1, D52, -0.5) -> -0.5
B53: 0.013367353 | C53: =IF(B53<$N$1, ($A$7/0.2)*($O$1*SQRT(B53)+$P$1*B53+$Q$1*(B53^2)+$R$1*(B53^3)), ($A$7/0.2)*($S$1+$T$1*(1-B53)+$U$1*((1-B53)^2)+$V$1*((1-B53)^3))) -> 0.018634501 | D53: =IF(B53<$A$8, ($A$10/6)*((B53^3)-3*$A$8*(B53^2)+($A$8^2)*(3-$A$8)*B53), (($A$10*($A$8^3))/6)*(1-B53)) -> 0.0037937387 | E53: =IF(B53<$A$8, ($A$10/6)*(3*(B53^2)-6*$A$8*B53+($A$8^2)*(3-$A$8)), -($A$10*($A$8^3))/6) -> 0.26318876 | F53: =ATAN(E53) -> 0.25735258 | G53: =B53-C53*SIN(F53) -> 0.008624477 | H53: =D53+C53*COS(F53) -> 0.021814554 | I53: =B53+C53*SIN(F53) -> 0.018110229 | J53: =D53-C53*COS(F53) -> -0.014227076 | Y53: =IF($Z$1, D53, -0.5) -> -0.5
B54: 0.013885221 | C54: =IF(B54<$N$1, ($A$7/0.2)*($O$1*SQRT(B54)+$P$1*B54+$Q$1*(B54^2)+$R$1*(B54^3)), ($A$7/0.2)*($S$1+$T$1*(1-B54)+$U$1*((1-B54)^2)+$V$1*((1-B54)^3))) -> 0.018954401 | D54: =IF(B54<$A$8, ($A$10/6)*((B54^3)-3*$A$8*(B54^2)+($A$8^2)*(3-$A$8)*B54), (($A$10*($A$8^3))/6)*(1-B54)) -> 0.003929632 | E54: =IF(B54<$A$8, ($A$10/6)*(3*(B54^2)-6*$A$8*B54+($A$8^2)*(3-$A$8)), -($A$10*($A$8^3))/6) -> 0.26163013 | F54: =ATAN(E54) -> 0.25589436 | G54: =B54-C54*SIN(F54) -> 0.0090876582 | H54: =D54+C54*COS(F54) -> 0.022266827 | I54: =B54+C54*SIN(F54) -> 0.018682784 | J54: =D54-C54*COS(F54) -> -0.014407563 | Y54: =IF($Z$1, D54, -0.5) -> -0.5
B55: 0.01441286 | C55: =IF(B55<$N$1, ($A$7/0.2)*($O$1*SQRT(B55)+$P$1*B55+$Q$1*(B55^2)+$R$1*(B55^3)), ($A$7/0.2)*($S$1+$T$1*(1-B55)+$U$1*((1-B55)^2)+$V$1*((1-B55)^3))) -> 0.019272883 | D55: =IF(B55<$A$8, ($A$10/6)*((B55^3)-3*$A$8*(B55^2)+($A$8^2)*(3-$A$8)*B55), (($A$10*($A$8^3))/6)*(1-B55)) -> 0.0040672604 | E55: =IF(B55<$A$8, ($A$10/6)*(3*(B55^2)-6*$A$8*B55+($A$8^2)*(3-$A$8)), -($A$10*($A$8^3))/6) -> 0.26004648 | F55: =ATAN(E55) -> 0.2544116 | G55: =B55-C55*SIN(F55) -> 0.0095623386 | H55: =D55+C55*COS(F55) -> 0.022719779 | I55: =B55+C55*SIN(F55) -> 0.019263382 | J55: =D55-C55*COS(F55) -> -0.014585258 | Y55: =IF($Z$1, D55, -0.5) -> -0.5
B56: 0.014950266 | C56: =IF(B56<$N$1, ($A$7/0.2)*($O$1*SQRT(B56)+$P$1*B56+$Q$1*(B56^2)+$R$1*(B56^3)), ($A$7/0.2)*($S$1+$T$1*(1-B56)+$U$1*((1-B56)^2)+$V$1*((1-B56)^3))) -> 0.019589949 | D56: =IF(B56<$A$8, ($A$10/6)*((B56^3)-3*$A$8*(B56^2)+($A$8^2)*(3-$A$8)*B56), (($A$10*($A$8^3))/6)*(1-B56)) -> 0.0042065785 | E56: =IF(B56<$A$8, ($A$10/6)*(3*(B56^2)-6*$A$8*B56+($A$8^2)*(3-$A$8)), -($A$10*($A$8^3))/6) -> 0.25843808 | F56: =ATAN(E56) -> 0.25290448 | G56: =B56-C56*SIN(F56) -> 0.010048526 | H56: =D56+C56*COS(F56) -> 0.023173366 | I56: =B56+C56*SIN(F56) -> 0.019852007 | J56: =D56-C56*COS(F56) -> -0.014760209 | Y56: =IF($Z$1, D56, -0.5) -> -0.5
B57: 0.015497433 | C57: =IF(B57<$N$1, ($A$7/0.2)*($O$1*SQRT(B57)+$P$1*B57+$Q$1*(B57^2)+$R$1*(B57^3)), ($A$7/0.2)*($S$1+$T$1*(1-B57)+$U$1*((1-B57)^2)+$V$1*((1-B57)^3))) -> 0.019905603 | D57: =IF(B57<$A$8, ($A$10/6)*((B57^3)-3*$A$8*(B57^2)+($A$8^2)*(3-$A$8)*B57), (($A$10*($A$8^3))/6)*(1-B57)) -> 0.0043475404 | E57: =IF(B57<$A$8, ($A$10/6)*(3*(B57^2)-6*$A$8*B57+($A$8^2)*(3-$A$8)), -($A$10*($A$8^3))/6) -> 0.25680519 | F57: =ATAN(E57) -> 0.25137322 | G57: =B57-C57*SIN(F57) -> 0.010546228 | H57: =D57+C57*COS(F57) -> 0.023627545 | I57: =B57+C57*SIN(F57) -> 0.020448639 | J57: =D57-C57*COS(F57) -> -0.014932465 | Y57: =IF($Z$1, D57, -0.5) -> -0.5
B58: 0.016054356 | C58: =IF(B58<$N$1, ($A$7/0.2)*($O$1*SQRT(B58)+$P$1*B58+$Q$1*(B58^2)+$R$1*(B58^3)), ($A$7/0.2)*($S$1+$T$1*(1-B58)+$U$1*((1-B58)^2)+$V$1*((1-B58)^3))) -> 0.020219847 | D58: =IF(B58<$A$8, ($A$10/6)*((B58^3)-3*$A$8*(B58^2)+($A$8^2)*(3-$A$8)*B58), (($A$10*($A$8^3))/6)*(1-B58)) -> 0.0044900993 | E58: =IF(B58<$A$8, ($A$10/6)*(3*(B58^2)-6*$A$8*B58+($A$8^2)*(3-$A$8)), -($A$10*($A$8^3))/6) -> 0.25514808 | F58: =ATAN(E58) -> 0.24981801 | G58: =B58-C58*SIN(F58) -> 0.011055451 | H58: =D58+C58*COS(F58) -> 0.02408227 | I58: =B58+C58*SIN(F58) -> 0.021053261 | J58: =D58-C58*COS(F58) -> -0.015102072 | Y58: =IF($Z$1, D58, -0.5) -> -0.5
B59: 0.016621029 | C59: =IF(B59<$N$1, ($A$7/0.2)*($O$1*SQRT(B59)+$P$1*B59+$Q$1*(B59^2)+$R$1*(B59^3)), ($A$7/0.2)*($S$1+$T$1*(1-B59)+$U$1*((1-B59)^2)+$V$1*((1-B59)^3))) -> 0.020532685 | D59: =IF(B59<$A$8, ($A$10/6)*((B59^3)-3*$A$8*(B59^2)+($A$8^2)*(3-$A$8)*B59), (($A$10*($A$8^3))/6)*(1-B59)) -> 0.0046342082 | E59: =IF(B59<$A$8, ($A$10/6)*(3*(B59^2)-6*$A$8*B59+($A$8^2)*(3-$A$8)), -($A$10*($A$8^3))/6) -> 0.25346702 | F59: =ATAN(E59) -> 0.24823907 | G59: =B59-C59*SIN(F59) -> 0.011576202 | H59: =D59+C59*COS(F59) -> 0.024537496 | I59: =B59+C59*SIN(F59) -> 0.021665856 | J59: =D59-C59*COS(F59) -> -0.015269079 | Y59: =IF($Z$1, D59, -0.5) -> -0.5
B60: 0.017197446 | C60: =IF(B60<$N$1, ($A$7/0.2)*($O$1*SQRT(B60)+$P$1*B60+$Q$1*(B60^2)+$R$1*(B60^3)), ($A$7/0.2)*($S$1+$T$1*(1-B60)+$U$1*((1-B60)^2)+$V$1*((1-B60)^3))) -> 0.020844118 | D60: =IF(B60<$A$8, ($A$10/6)*((B60^3)-3*$A$8*(B60^2)+($A$8^2)*(3-$A$8)*B60), (($A$10*($A$8^3))/6)*(1-B60)) -> 0.0047798194 | E60: =IF(B60<$A$8, ($A$10/6)*(3*(B60^2)-6*$A$8*B60+($A$8^2)*(3-$A$8)), -($A$10*($A$8^3))/6) -> 0.2517623 | F60: =ATAN(E60) -> 0.24663661 | G60: =B60-C60*SIN(F60) -> 0.012108485 | H60: =D60+C60*COS(F60) -> 0.024993175 | I60: =B60+C60*SIN(F60) -> 0.022286407 | J60: =D60-C60*COS(F60) -> -0.015433536 | Y60: =IF($Z$1, D60, -0.5) -> -0.5
B61: 0.017783602 | C61: =IF(B61<$N$1, ($A$7/0.2)*($O$1*SQRT(B61)+$P$1*B61+$Q$1*(B61^2)+$R$1*(B61^3)), ($A$7/0.2)*($S$1+$T$1*(1-B61)+$U$1*((1-B61)^2)+$V$1*((1-B61)^3))) -> 0.02115415 | D61: =IF(B61<$A$8, ($A$10/6)*((B61^3)-3*$A$8*(B61^2)+($A$8^2)*(3-$A$8)*B61), (($A$10*($A$8^3))/6)*(1-B61)) -> 0.0049268847 | E61: =IF(B61<$A$8, ($A$10/6)*(3*(B61^2)-6*$A$8*B61+($A$8^2)*(3-$A$8)), -($A$10*($A$8^3))/6) -> 0.25003421 | F61: =ATAN(E61) -> 0.24501086 | G61: =B61-C61*SIN(F61) -> 0.012652306 | H61: =D61+C61*COS(F61) -> 0.02544926 | I61: =B61+C61*SIN(F61) -> 0.022914898 | J61: =D61-C61*COS(F61) -> -0.015595491 | Y61: =IF($Z$1, D61, -0.5) -> -0.5
B62: 0.018379491 | C62: =IF(B62<$N$1, ($A$7/0.2)*($O$1*SQRT(B62)+$P$1*B62+$Q$1*(B62^2)+$R$1*(B62^3)), ($A$7/0.2)*($S$1+$T$1*(1-B62)+$U$1*((1-B62)^2)+$V$1*((1-B62)^3))) -> 0.021462785 | D62: =IF(B62<$A$8, ($A$10/6)*((B62^3)-3*$A$8*(B62^2)+($A$8^2)*(3-$A$8)*B62), (($A$10*($A$8^3))/6)*(1-B62)) -> 0.0050753553 | E62: =IF(B62<$A$8, ($A$10/6)*(3*(B62^2)-6*$A$8*B62+($A$8^2)*(3-$A$8)), -($A$10*($A$8^3))/6) -> 0.24828302 | F62: =ATAN(E62) -> 0.24336203 | G62: =B62-C62*SIN(F62) -> 0.013207669 | H62: =D62+C62*COS(F62) -> 0.025905703 | I62: =B62+C62*SIN(F62) -> 0.023551313 | J62: =D62-C62*COS(F62) -> -0.015754993 | Y62: =IF($Z$1, D62, -0.5) -> -0.5
... B500: 1 | C500: =IF(B500<$N$1, ($A$7/0.2)*($O$1*SQRT(B500)+$P$1*B500+$Q$1*(B500^2)+$R$1*(B500^3)), ($A$7/0.2)*($S$1+$T$1*(1-B500)+$U$1*((1-B500)^2)+$V$1*((1-B500)^3))) -> 0.0012 | D500: =IF(B500<$A$8, ($A$10/6)*((B500^3)-3*$A$8*(B500^2)+($A$8^2)*(3-$A$8)*B500), (($A$10*($A$8^3))/6)*(1-B500)) -> 2.4526635e-18 | E500: =IF(B500<$A$8, ($A$10/6)*(3*(B500^2)-6*$A$8*B500+($A$8^2)*(3-$A$8)), -($A$10*($A$8^3))/6) -> -0.022091628 | F500: =ATAN(E500) -> -0.022088036 | G500: =B500-C500*SIN(F500) -> 1.0000265 | H500: =D500+C500*COS(F500) -> 0.0011997073 | I500: =B500+C500*SIN(F500) -> 0.9999735 | J500: =D500-C500*COS(F500) -> -0.0011997073 | Y500: =IF($Z$1, D500, -0.5) -> -0.5
G501: 1 | H501: 0 | I501: 1 | J501: 0

Sheet NACA_5mod
A1: BACK | C1: Name | D1: =Data4!A2*10^6+Data4!A3*10^5+Data4!A4*100+Data4!M1*10+Data4!N2 -> 2301264
C2: Maximum Camber | D2: =Data4!A6 -> 0.02 | F2: Leading-Edge Radius | G2: =Data4!$AA$2 -> 0.01586693
C3: Position of Camber | D3: =Data4!A5 -> 0.15 | F3: Trailing-Edge Angle | G3: =DEGREES(2*ATAN(Data4!$T$1*(D4/0.2))) -> 21.405315
C4: Maximum Thickness | D4: =Data4!A7 -> 0.12
C5: Leading-edge Index | D5: =Data4!M1 -> 6
C6: Position of Maximum Thickness | D6: =Data4!N1 -> 0.4

Sheet Data5
A1: =0.005*A4 -> 0 | B1: {=0.5*(1-COS((_xlfn.SEQUENCE(500,1,0,1)*PI())/(500-1)))} -> 0 | C1: =IF($A$1=0, 0, IF(B1<=$A$2, ($A$1/$A$2^2)*(2*$A$2*B1-B1^2), ($A$1/(1-$A$2)^2)*((1-2*$A$2)+2*$A$2*B1-B1^2))) -> 0 | D1: =IF(B1<$N$1, ($A$3/0.2)*($O$1*SQRT(B1)+$P$1*B1+$Q$1*(B1^2)+$R$1*(B1^3)), ($A$3/0.2)*($S$1+$T$1*(1-B1)+$U$1*((1-B1)^2)+$V$1*((1-B1)^3))) -> 0 | E1: =IF($A$1=0, 0, IF(B1<=$A$2, ($A$1/$A$2^2) *(2*$A$2-2*B1), ($A$1/(1-$A$2)^2)*(2*$A$2-2*B1))) -> 0 | F1: =IF($A$1=0, 0, ATAN(E1)) -> 0 | G1: =B1-D1*SIN(F1) -> 0 | H1: =C1+D1*COS(F1) -> 0 | I1: =B1+D1*SIN(F1) -> 0 | J1: =C1-D1*COS(F1) -> 0 | L1: =A4/10 -> 0 | M1: 4 | N1: =0.5 -> 0.5 | O1: =IF($M$1=9, 0.2969*SQRT(3),0.2969*(M1/6)) -> 0.19793333 | P1: =(0.3/N1)-1.875*(O1/SQRT(N1))-0.1*(N1/W1) -> -0.047850008 | Q1: =-(0.3/(N1^2))+1.25*(O1/POWER(N1, 3/2))+(0.2/W1) -> -0.0081999889 | R1: =(0.1/N1^3)-0.375*(O1/POWER(N1, 5/2))-(0.1/(W1*N1)) -> -0.11188001 | S1: =IF(Z3, 0, 0.002) -> 0.002 | T1: =IF(N1=0.2, 0.2, IF(N1=0.3, 0.234, IF(N1=0.4, 0.315, IF(N1=0.5, 0.465, 0.7)))) -> 0.465 | U1: =(3*(0.1-S1)-2*(1-N1)*T1)/((1-N1)^2) -> -0.684 | V1: =(-2*(0.1-S1)+(1-N1)*T1)/((1-N1)^3) -> 0.292 | W1: =0.2*((1-N1)^2/(0.588-2*T1*(1-N1))) -> 0.40650407 | Y1: =IF($Z$1, C1, -0.5) -> -0.5 | Z1: FALSE | AA1: =$F$1 -> 0 | AB1: {=_xlfn.SEQUENCE(50, 1, 0, (2*PI())/(50-1))} -> 0 | AC1: =$AA$2*(COS($AA$1)+COS(AB1)) -> 0.014103938 | AD1: =IF($Z$2, $AA$2*(SIN($AA$1)+SIN(AB1)), -0.5) -> -0.5
A2: =0.5 -> 0.5 | B2: 9.9091688e-06 | C2: =IF($A$1=0, 0, IF(B2<=$A$2, ($A$1/$A$2^2)*(2*$A$2*B2-B2^2), ($A$1/(1-$A$2)^2)*((1-2*$A$2)+2*$A$2*B2-B2^2))) -> 0 | D2: =IF(B2<$N$1, ($A$3/0.2)*($O$1*SQRT(B2)+$P$1*B2+$Q$1*(B2^2)+$R$1*(B2^3)), ($A$3/0.2)*($S$1+$T$1*(1-B2)+$U$1*((1-B2)^2)+$V$1*((1-B2)^3))) -> 0.00037355812 | E2: =IF($A$1=0, 0, IF(B2<=$A$2, ($A$1/$A$2^2) *(2*$A$2-2*B2), ($A$1/(1-$A$2)^2)*(2*$A$2-2*B2))) -> 0 | F2: =IF($A$1=0, 0, ATAN(E2)) -> 0 | G2: =B2-D2*SIN(F2) -> 9.9091688e-06 | H2: =C2+D2*COS(F2) -> 0.00037355812 | I2: =B2+D2*SIN(F2) -> 9.9091688e-06 | J2: =C2-D2*COS(F2) -> -0.00037355812 | Y2: =IF($Z$1, C2, -0.5) -> -0.5 | Z2: FALSE | AA2: =0.5*(0.2969*($M$1/6)*($A$3/0.2))^2 -> 0.0070519688 | AB2: 0.12822827 | AC2: =$AA$2*(COS($AA$1)+COS(AB2)) -> 0.014046041 | AD2: =IF($Z$2, $AA$2*(SIN($AA$1)+SIN(AB2)), -0.5) -> -0.5
A3: =A5/100 -> 0.12 | B3: 3.9636283e-05 | C3: =IF($A$1=0, 0, IF(B3<=$A$2, ($A$1/$A$2^2)*(2*$A$2*B3-B3^2), ($A$1/(1-$A$2)^2)*((1-2*$A$2)+2*$A$2*B3-B3^2))) -> 0 | D3: =IF(B3<$N$1, ($A$3/0.2)*($O$1*SQRT(B3)+$P$1*B3+$Q$1*(B3^2)+$R$1*(B3^3)), ($A$3/0.2)*($S$1+$T$1*(1-B3)+$U$1*((1-B3)^2)+$V$1*((1-B3)^3))) -> 0.00074654356 | E3: =IF($A$1=0, 0, IF(B3<=$A$2, ($A$1/$A$2^2) *(2*$A$2-2*B3), ($A$1/(1-$A$2)^2)*(2*$A$2-2*B3))) -> 0 | F3: =IF($A$1=0, 0, ATAN(E3)) -> 0 | G3: =B3-D3*SIN(F3) -> 3.9636283e-05 | H3: =C3+D3*COS(F3) -> 0.00074654356 | I3: =B3+D3*SIN(F3) -> 3.9636283e-05 | J3: =C3-D3*COS(F3) -> -0.00074654356 | Y3: =IF($Z$1, C3, -0.5) -> -0.5 | Z3: FALSE | AB3: 0.25645654 | AC3: =$AA$2*(COS($AA$1)+COS(AB3)) -> 0.013873302 | AD3: =IF($Z$2, $AA$2*(SIN($AA$1)+SIN(AB3)), -0.5) -> -0.5
A4: 0 | B4: 8.9180163e-05 | C4: =IF($A$1=0, 0, IF(B4<=$A$2, ($A$1/$A$2^2)*(2*$A$2*B4-B4^2), ($A$1/(1-$A$2)^2)*((1-2*$A$2)+2*$A$2*B4-B4^2))) -> 0 | D4: =IF(B4<$N$1, ($A$3/0.2)*($O$1*SQRT(B4)+$P$1*B4+$Q$1*(B4^2)+$R$1*(B4^3)), ($A$3/0.2)*($S$1+$T$1*(1-B4)+$U$1*((1-B4)^2)+$V$1*((1-B4)^3))) -> 0.0011189526 | E4: =IF($A$1=0, 0, IF(B4<=$A$2, ($A$1/$A$2^2) *(2*$A$2-2*B4), ($A$1/(1-$A$2)^2)*(2*$A$2-2*B4))) -> 0 | F4: =IF($A$1=0, 0, ATAN(E4)) -> 0 | G4: =B4-D4*SIN(F4) -> 8.9180163e-05 | H4: =C4+D4*COS(F4) -> 0.0011189526 | I4: =B4+D4*SIN(F4) -> 8.9180163e-05 | J4: =C4-D4*COS(F4) -> -0.0011189526 | Y4: =IF($Z$1, C4, -0.5) -> -0.5 | AB4: 0.38468481 | AC4: =$AA$2*(COS($AA$1)+COS(AB4)) -> 0.013588557 | AD4: =IF($Z$2, $AA$2*(SIN($AA$1)+SIN(AB4)), -0.5) -> -0.5
A5: 12 | B5: 0.00015853885 | C5: =IF($A$1=0, 0, IF(B5<=$A$2, ($A$1/$A$2^2)*(2*$A$2*B5-B5^2), ($A$1/(1-$A$2)^2)*((1-2*$A$2)+2*$A$2*B5-B5^2))) -> 0 | D5: =IF(B5<$N$1, ($A$3/0.2)*($O$1*SQRT(B5)+$P$1*B5+$Q$1*(B5^2)+$R$1*(B5^3)), ($A$3/0.2)*($S$1+$T$1*(1-B5)+$U$1*((1-B5)^2)+$V$1*((1-B5)^3))) -> 0.0014907816 | E5: =IF($A$1=0, 0, IF(B5<=$A$2, ($A$1/$A$2^2) *(2*$A$2-2*B5), ($A$1/(1-$A$2)^2)*(2*$A$2-2*B5))) -> 0 | F5: =IF($A$1=0, 0, ATAN(E5)) -> 0 | G5: =B5-D5*SIN(F5) -> 0.00015853885 | H5: =C5+D5*COS(F5) -> 0.0014907816 | I5: =B5+D5*SIN(F5) -> 0.00015853885 | J5: =C5-D5*COS(F5) -> -0.0014907816 | Y5: =IF($Z$1, C5, -0.5) -> -0.5 | AB5: 0.51291309 | AC5: =$AA$2*(COS($AA$1)+COS(AB5)) -> 0.013196481 | AD5: =IF($Z$2, $AA$2*(SIN($AA$1)+SIN(AB5)), -0.5) -> -0.5
B6: 0.00024770958 | C6: =IF($A$1=0, 0, IF(B6<=$A$2, ($A$1/$A$2^2)*(2*$A$2*B6-B6^2), ($A$1/(1-$A$2)^2)*((1-2*$A$2)+2*$A$2*B6-B6^2))) -> 0 | D6: =IF(B6<$N$1, ($A$3/0.2)*($O$1*SQRT(B6)+$P$1*B6+$Q$1*(B6^2)+$R$1*(B6^3)), ($A$3/0.2)*($S$1+$T$1*(1-B6)+$U$1*((1-B6)^2)+$V$1*((1-B6)^3))) -> 0.0018620269 | E6: =IF($A$1=0, 0, IF(B6<=$A$2, ($A$1/$A$2^2) *(2*$A$2-2*B6), ($A$1/(1-$A$2)^2)*(2*$A$2-2*B6))) -> 0 | F6: =IF($A$1=0, 0, ATAN(E6)) -> 0 | G6: =B6-D6*SIN(F6) -> 0.00024770958 | H6: =C6+D6*COS(F6) -> 0.0018620269 | I6: =B6+D6*SIN(F6) -> 0.00024770958 | J6: =C6-D6*COS(F6) -> -0.0018620269 | Y6: =IF($Z$1, C6, -0.5) -> -0.5 | AB6: 0.64114136 | AC6: =$AA$2*(COS($AA$1)+COS(AB6)) -> 0.012703513 | AD6: =IF($Z$2, $AA$2*(SIN($AA$1)+SIN(AB6)), -0.5) -> -0.5
B7: 0.00035668884 | C7: =IF($A$1=0, 0, IF(B7<=$A$2, ($A$1/$A$2^2)*(2*$A$2*B7-B7^2), ($A$1/(1-$A$2)^2)*((1-2*$A$2)+2*$A$2*B7-B7^2))) -> 0 | D7: =IF(B7<$N$1, ($A$3/0.2)*($O$1*SQRT(B7)+$P$1*B7+$Q$1*(B7^2)+$R$1*(B7^3)), ($A$3/0.2)*($S$1+$T$1*(1-B7)+$U$1*((1-B7)^2)+$V$1*((1-B7)^3))) -> 0.0022326849 | E7: =IF($A$1=0, 0, IF(B7<=$A$2, ($A$1/$A$2^2) *(2*$A$2-2*B7), ($A$1/(1-$A$2)^2)*(2*$A$2-2*B7))) -> 0 | F7: =IF($A$1=0, 0, ATAN(E7)) -> 0 | G7: =B7-D7*SIN(F7) -> 0.00035668884 | H7: =C7+D7*COS(F7) -> 0.0022326849 | I7: =B7+D7*SIN(F7) -> 0.00035668884 | J7: =C7-D7*COS(F7) -> -0.0022326849 | Y7: =IF($Z$1, C7, -0.5) -> -0.5 | AB7: 0.76936963 | AC7: =$AA$2*(COS($AA$1)+COS(AB7)) -> 0.012117746 | AD7: =IF($Z$2, $AA$2*(SIN($AA$1)+SIN(AB7)), -0.5) -> -0.5
B8: 0.0004854723 | C8: =IF($A$1=0, 0, IF(B8<=$A$2, ($A$1/$A$2^2)*(2*$A$2*B8-B8^2), ($A$1/(1-$A$2)^2)*((1-2*$A$2)+2*$A$2*B8-B8^2))) -> 0 | D8: =IF(B8<$N$1, ($A$3/0.2)*($O$1*SQRT(B8)+$P$1*B8+$Q$1*(B8^2)+$R$1*(B8^3)), ($A$3/0.2)*($S$1+$T$1*(1-B8)+$U$1*((1-B8)^2)+$V$1*((1-B8)^3))) -> 0.0026027518 | E8: =IF($A$1=0, 0, IF(B8<=$A$2, ($A$1/$A$2^2) *(2*$A$2-2*B8), ($A$1/(1-$A$2)^2)*(2*$A$2-2*B8))) -> 0 | F8: =IF($A$1=0, 0, ATAN(E8)) -> 0 | G8: =B8-D8*SIN(F8) -> 0.0004854723 | H8: =C8+D8*COS(F8) -> 0.0026027518 | I8: =B8+D8*SIN(F8) -> 0.0004854723 | J8: =C8-D8*COS(F8) -> -0.0026027518 | Y8: =IF($Z$1, C8, -0.5) -> -0.5 | AB8: 0.8975979 | AC8: =$AA$2*(COS($AA$1)+COS(AB8)) -> 0.011448799 | AD8: =IF($Z$2, $AA$2*(SIN($AA$1)+SIN(AB8)), -0.5) -> -0.5
B9: 0.00063405485 | C9: =IF($A$1=0, 0, IF(B9<=$A$2, ($A$1/$A$2^2)*(2*$A$2*B9-B9^2), ($A$1/(1-$A$2)^2)*((1-2*$A$2)+2*$A$2*B9-B9^2))) -> 0 | D9: =IF(B9<$N$1, ($A$3/0.2)*($O$1*SQRT(B9)+$P$1*B9+$Q$1*(B9^2)+$R$1*(B9^3)), ($A$3/0.2)*($S$1+$T$1*(1-B9)+$U$1*((1-B9)^2)+$V$1*((1-B9)^3))) -> 0.002972224 | E9: =IF($A$1=0, 0, IF(B9<=$A$2, ($A$1/$A$2^2) *(2*$A$2-2*B9), ($A$1/(1-$A$2)^2)*(2*$A$2-2*B9))) -> 0 | F9: =IF($A$1=0, 0, ATAN(E9)) -> 0 | G9: =B9-D9*SIN(F9) -> 0.00063405485 | H9: =C9+D9*COS(F9) -> 0.002972224 | I9: =B9+D9*SIN(F9) -> 0.00063405485 | J9: =C9-D9*COS(F9) -> -0.002972224 | Y9: =IF($Z$1, C9, -0.5) -> -0.5 | AB9: 1.0258262 | AC9: =$AA$2*(COS($AA$1)+COS(AB9)) -> 0.010707657 | AD9: =IF($Z$2, $AA$2*(SIN($AA$1)+SIN(AB9)), -0.5) -> -0.5
B10: 0.0008024306 | C10: =IF($A$1=0, 0, IF(B10<=$A$2, ($A$1/$A$2^2)*(2*$A$2*B10-B10^2), ($A$1/(1-$A$2)^2)*((1-2*$A$2)+2*$A$2*B10-B10^2))) -> 0 | D10: =IF(B10<$N$1, ($A$3/0.2)*($O$1*SQRT(B10)+$P$1*B10+$Q$1*(B10^2)+$R$1*(B10^3)), ($A$3/0.2)*($S$1+$T$1*(1-B10)+$U$1*((1-B10)^2)+$V$1*((1-B10)^3))) -> 0.003341098 | E10: =IF($A$1=0, 0, IF(B10<=$A$2, ($A$1/$A$2^2) *(2*$A$2-2*B10), ($A$1/(1-$A$2)^2)*(2*$A$2-2*B10))) -> 0 | F10: =IF($A$1=0, 0, ATAN(E10)) -> 0 | G10: =B10-D10*SIN(F10) -> 0.0008024306 | H10: =C10+D10*COS(F10) -> 0.003341098 | I10: =B10+D10*SIN(F10) -> 0.0008024306 | J10: =C10-D10*COS(F10) -> -0.003341098 | Y10: =IF($Z$1, C10, -0.5) -> -0.5 | AB10: 1.1540544 | AC10: =$AA$2*(COS($AA$1)+COS(AB10)) -> 0.0099064883 | AD10: =IF($Z$2, $AA$2*(SIN($AA$1)+SIN(AB10)), -0.5) -> -0.5
B11: 0.00099059289 | C11: =IF($A$1=0, 0, IF(B11<=$A$2, ($A$1/$A$2^2)*(2*$A$2*B11-B11^2), ($A$1/(1-$A$2)^2)*((1-2*$A$2)+2*$A$2*B11-B11^2))) -> 0 | D11: =IF(B11<$N$1, ($A$3/0.2)*($O$1*SQRT(B11)+$P$1*B11+$Q$1*(B11^2)+$R$1*(B11^3)), ($A$3/0.2)*($S$1+$T$1*(1-B11)+$U$1*((1-B11)^2)+$V$1*((1-B11)^3))) -> 0.0037093701 | E11: =IF($A$1=0, 0, IF(B11<=$A$2, ($A$1/$A$2^2) *(2*$A$2-2*B11), ($A$1/(1-$A$2)^2)*(2*$A$2-2*B11))) -> 0 | F11: =IF($A$1=0, 0, ATAN(E11)) -> 0 | G11: =B11-D11*SIN(F11) -> 0.00099059289 | H11: =C11+D11*COS(F11) -> 0.0037093701 | I11: =B11+D11*SIN(F11) -> 0.00099059289 | J11: =C11-D11*COS(F11) -> -0.0037093701 | Y11: =IF($Z$1, C11, -0.5) -> -0.5 | AB11: 1.2822827 | AC11: =$AA$2*(COS($AA$1)+COS(AB11)) -> 0.0090584485 | AD11: =IF($Z$2, $AA$2*(SIN($AA$1)+SIN(AB11)), -0.5) -> -0.5
B12: 0.0011985343 | C12: =IF($A$1=0, 0, IF(B12<=$A$2, ($A$1/$A$2^2)*(2*$A$2*B12-B12^2), ($A$1/(1-$A$2)^2)*((1-2*$A$2)+2*$A$2*B12-B12^2))) -> 0 | D12: =IF(B12<$N$1, ($A$3/0.2)*($O$1*SQRT(B12)+$P$1*B12+$Q$1*(B12^2)+$R$1*(B12^3)), ($A$3/0.2)*($S$1+$T$1*(1-B12)+$U$1*((1-B12)^2)+$V$1*((1-B12)^3))) -> 0.0040770367 | E12: =IF($A$1=0, 0, IF(B12<=$A$2, ($A$1/$A$2^2) *(2*$A$2-2*B12), ($A$1/(1-$A$2)^2)*(2*$A$2-2*B12))) -> 0 | F12: =IF($A$1=0, 0, ATAN(E12)) -> 0 | G12: =B12-D12*SIN(F12) -> 0.0011985343 | H12: =C12+D12*COS(F12) -> 0.0040770367 | I12: =B12+D12*SIN(F12) -> 0.0011985343 | J12: =C12-D12*COS(F12) -> -0.0040770367 | Y12: =IF($Z$1, C12, -0.5) -> -0.5 | AB12: 1.410511 | AC12: =$AA$2*(COS($AA$1)+COS(AB12)) -> 0.0081774623 | AD12: =IF($Z$2, $AA$2*(SIN($AA$1)+SIN(AB12)), -0.5) -> -0.5
B13: 0.0014262465 | C13: =IF($A$1=0, 0, IF(B13<=$A$2, ($A$1/$A$2^2)*(2*$A$2*B13-B13^2), ($A$1/(1-$A$2)^2)*((1-2*$A$2)+2*$A$2*B13-B13^2))) -> 0 | D13: =IF(B13<$N$1, ($A$3/0.2)*($O$1*SQRT(B13)+$P$1*B13+$Q$1*(B13^2)+$R$1*(B13^3)), ($A$3/0.2)*($S$1+$T$1*(1-B13)+$U$1*((1-B13)^2)+$V$1*((1-B13)^3))) -> 0.0044440942 | E13: =IF($A$1=0, 0, IF(B13<=$A$2, ($A$1/$A$2^2) *(2*$A$2-2*B13), ($A$1/(1-$A$2)^2)*(2*$A$2-2*B13))) -> 0 | F13: =IF($A$1=0, 0, ATAN(E13)) -> 0 | G13: =B13-D13*SIN(F13) -> 0.0014262465 | H13: =C13+D13*COS(F13) -> 0.0044440942 | I13: =B13+D13*SIN(F13) -> 0.0014262465 | J13: =C13-D13*COS(F13) -> -0.0044440942 | Y13: =IF($Z$1, C13, -0.5) -> -0.5 | AB13: 1.5387393 | AC13: =$AA$2*(COS($AA$1)+COS(AB13)) -> 0.0072779955 | AD13: =IF($Z$2, $AA$2*(SIN($AA$1)+SIN(AB13)), -0.5) -> -0.5
B14: 0.0016737205 | C14: =IF($A$1=0, 0, IF(B14<=$A$2, ($A$1/$A$2^2)*(2*$A$2*B14-B14^2), ($A$1/(1-$A$2)^2)*((1-2*$A$2)+2*$A$2*B14-B14^2))) -> 0 | D14: =IF(B14<$N$1, ($A$3/0.2)*($O$1*SQRT(B14)+$P$1*B14+$Q$1*(B14^2)+$R$1*(B14^3)), ($A$3/0.2)*($S$1+$T$1*(1-B14)+$U$1*((1-B14)^2)+$V$1*((1-B14)^3))) -> 0.004810539 | E14: =IF($A$1=0, 0, IF(B14<=$A$2, ($A$1/$A$2^2) *(2*$A$2-2*B14), ($A$1/(1-$A$2)^2)*(2*$A$2-2*B14))) -> 0 | F14: =IF($A$1=0, 0, ATAN(E14)) -> 0 | G14: =B14-D14*SIN(F14) -> 0.0016737205 | H14: =C14+D14*COS(F14) -> 0.004810539 | I14: =B14+D14*SIN(F14) -> 0.0016737205 | J14: =C14-D14*COS(F14) -> -0.004810539 | Y14: =IF($Z$1, C14, -0.5) -> -0.5 | AB14: 1.6669675 | AC14: =$AA$2*(COS($AA$1)+COS(AB14)) -> 0.0063748174 | AD14: =IF($Z$2, $AA$2*(SIN($AA$1)+SIN(AB14)), -0.5) -> -0.5
B15: 0.0019409464 | C15: =IF($A$1=0, 0, IF(B15<=$A$2, ($A$1/$A$2^2)*(2*$A$2*B15-B15^2), ($A$1/(1-$A$2)^2)*((1-2*$A$2)+2*$A$2*B15-B15^2))) -> 0 | D15: =IF(B15<$N$1, ($A$3/0.2)*($O$1*SQRT(B15)+$P$1*B15+$Q$1*(B15^2)+$R$1*(B15^3)), ($A$3/0.2)*($S$1+$T$1*(1-B15)+$U$1*((1-B15)^2)+$V$1*((1-B15)^3))) -> 0.0051763676 | E15: =IF($A$1=0, 0, IF(B15<=$A$2, ($A$1/$A$2^2) *(2*$A$2-2*B15), ($A$1/(1-$A$2)^2)*(2*$A$2-2*B15))) -> 0 | F15: =IF($A$1=0, 0, ATAN(E15)) -> 0 | G15: =B15-D15*SIN(F15) -> 0.0019409464 | H15: =C15+D15*COS(F15) -> 0.0051763676 | I15: =B15+D15*SIN(F15) -> 0.0019409464 | J15: =C15-D15*COS(F15) -> -0.0051763676 | Y15: =IF($Z$1, C15, -0.5) -> -0.5 | AB15: 1.7951958 | AC15: =$AA$2*(COS($AA$1)+COS(AB15)) -> 0.0054827581 | AD15: =IF($Z$2, $AA$2*(SIN($AA$1)+SIN(AB15)), -0.5) -> -0.5
B16: 0.0022279139 | C16: =IF($A$1=0, 0, IF(B16<=$A$2, ($A$1/$A$2^2)*(2*$A$2*B16-B16^2), ($A$1/(1-$A$2)^2)*((1-2*$A$2)+2*$A$2*B16-B16^2))) -> 0 | D16: =IF(B16<$N$1, ($A$3/0.2)*($O$1*SQRT(B16)+$P$1*B16+$Q$1*(B16^2)+$R$1*(B16^3)), ($A$3/0.2)*($S$1+$T$1*(1-B16)+$U$1*((1-B16)^2)+$V$1*((1-B16)^3))) -> 0.0055415763 | E16: =IF($A$1=0, 0, IF(B16<=$A$2, ($A$1/$A$2^2) *(2*$A$2-2*B16), ($A$1/(1-$A$2)^2)*(2*$A$2-2*B16))) -> 0 | F16: =IF($A$1=0, 0, ATAN(E16)) -> 0 | G16: =B16-D16*SIN(F16) -> 0.0022279139 | H16: =C16+D16*COS(F16) -> 0.0055415763 | I16: =B16+D16*SIN(F16) -> 0.0022279139 | J16: =C16-D16*COS(F16) -> -0.0055415763 | Y16: =IF($Z$1, C16, -0.5) -> -0.5 | AB16: 1.9234241 | AC16: =$AA$2*(COS($AA$1)+COS(AB16)) -> 0.0046164652 | AD16: =IF($Z$2, $AA$2*(SIN($AA$1)+SIN(AB16)), -0.5) -> -0.5
B17: 0.0025346113 | C17: =IF($A$1=0, 0, IF(B17<=$A$2, ($A$1/$A$2^2)*(2*$A$2*B17-B17^2), ($A$1/(1-$A$2)^2)*((1-2*$A$2)+2*$A$2*B17-B17^2))) -> 0 | D17: =IF(B17<$N$1, ($A$3/0.2)*($O$1*SQRT(B17)+$P$1*B17+$Q$1*(B17^2)+$R$1*(B17^3)), ($A$3/0.2)*($S$1+$T$1*(1-B17)+$U$1*((1-B17)^2)+$V$1*((1-B17)^3))) -> 0.0059061617 | E17: =IF($A$1=0, 0, IF(B17<=$A$2, ($A$1/$A$2^2) *(2*$A$2-2*B17), ($A$1/(1-$A$2)^2)*(2*$A$2-2*B17))) -> 0 | F17: =IF($A$1=0, 0, ATAN(E17)) -> 0 | G17: =B17-D17*SIN(F17) -> 0.0025346113 | H17: =C17+D17*COS(F17) -> 0.0059061617 | I17: =B17+D17*SIN(F17) -> 0.0025346113 | J17: =C17-D17*COS(F17) -> -0.0059061617 | Y17: =IF($Z$1, C17, -0.5) -> -0.5 | AB17: 2.0516523 | AC17: =$AA$2*(COS($AA$1)+COS(AB17)) -> 0.0037901632 | AD17: =IF($Z$2, $AA$2*(SIN($AA$1)+SIN(AB17)), -0.5) -> -0.5
... B50: 0.023603904 | C50: =IF($A$1=0, 0, IF(B50<=$A$2, ($A$1/$A$2^2)*(2*$A$2*B50-B50^2), ($A$1/(1-$A$2)^2)*((1-2*$A$2)+2*$A$2*B50-B50^2))) -> 0 | D50: =IF(B50<$N$1, ($A$3/0.2)*($O$1*SQRT(B50)+$P$1*B50+$Q$1*(B50^2)+$R$1*(B50^3)), ($A$3/0.2)*($S$1+$T$1*(1-B50)+$U$1*((1-B50)^2)+$V$1*((1-B50)^3))) -> 0.017564474 | E50: =IF($A$1=0, 0, IF(B50<=$A$2, ($A$1/$A$2^2) *(2*$A$2-2*B50), ($A$1/(1-$A$2)^2)*(2*$A$2-2*B50))) -> 0 | F50: =IF($A$1=0, 0, ATAN(E50)) -> 0 | G50: =B50-D50*SIN(F50) -> 0.023603904 | H50: =C50+D50*COS(F50) -> 0.017564474 | I50: =B50+D50*SIN(F50) -> 0.023603904 | J50: =C50-D50*COS(F50) -> -0.017564474 | Y50: =IF($Z$1, C50, -0.5) -> -0.5 | AB50: 6.2831853 | AC50: =$AA$2*(COS($AA$1)+COS(AB50)) -> 0.014103938 | AD50: =IF($Z$2, $AA$2*(SIN($AA$1)+SIN(AB50)), -0.5) -> -0.5
B51: 0.024569111 | C51: =IF($A$1=0, 0, IF(B51<=$A$2, ($A$1/$A$2^2)*(2*$A$2*B51-B51^2), ($A$1/(1-$A$2)^2)*((1-2*$A$2)+2*$A$2*B51-B51^2))) -> 0 | D51: =IF(B51<$N$1, ($A$3/0.2)*($O$1*SQRT(B51)+$P$1*B51+$Q$1*(B51^2)+$R$1*(B51^3)), ($A$3/0.2)*($S$1+$T$1*(1-B51)+$U$1*((1-B51)^2)+$V$1*((1-B51)^3))) -> 0.017905735 | E51: =IF($A$1=0, 0, IF(B51<=$A$2, ($A$1/$A$2^2) *(2*$A$2-2*B51), ($A$1/(1-$A$2)^2)*(2*$A$2-2*B51))) -> 0 | F51: =IF($A$1=0, 0, ATAN(E51)) -> 0 | G51: =B51-D51*SIN(F51) -> 0.024569111 | H51: =C51+D51*COS(F51) -> 0.017905735 | I51: =B51+D51*SIN(F51) -> 0.024569111 | J51: =C51-D51*COS(F51) -> -0.017905735 | Y51: =IF($Z$1, C51, -0.5) -> -0.5
B52: 0.025553163 | C52: =IF($A$1=0, 0, IF(B52<=$A$2, ($A$1/$A$2^2)*(2*$A$2*B52-B52^2), ($A$1/(1-$A$2)^2)*((1-2*$A$2)+2*$A$2*B52-B52^2))) -> 0 | D52: =IF(B52<$N$1, ($A$3/0.2)*($O$1*SQRT(B52)+$P$1*B52+$Q$1*(B52^2)+$R$1*(B52^3)), ($A$3/0.2)*($S$1+$T$1*(1-B52)+$U$1*((1-B52)^2)+$V$1*((1-B52)^3))) -> 0.018246245 | E52: =IF($A$1=0, 0, IF(B52<=$A$2, ($A$1/$A$2^2) *(2*$A$2-2*B52), ($A$1/(1-$A$2)^2)*(2*$A$2-2*B52))) -> 0 | F52: =IF($A$1=0, 0, ATAN(E52)) -> 0 | G52: =B52-D52*SIN(F52) -> 0.025553163 | H52: =C52+D52*COS(F52) -> 0.018246245 | I52: =B52+D52*SIN(F52) -> 0.025553163 | J52: =C52-D52*COS(F52) -> -0.018246245 | Y52: =IF($Z$1, C52, -0.5) -> -0.5
B53: 0.02655602 | C53: =IF($A$1=0, 0, IF(B53<=$A$2, ($A$1/$A$2^2)*(2*$A$2*B53-B53^2), ($A$1/(1-$A$2)^2)*((1-2*$A$2)+2*$A$2*B53-B53^2))) -> 0 | D53: =IF(B53<$N$1, ($A$3/0.2)*($O$1*SQRT(B53)+$P$1*B53+$Q$1*(B53^2)+$R$1*(B53^3)), ($A$3/0.2)*($S$1+$T$1*(1-B53)+$U$1*((1-B53)^2)+$V$1*((1-B53)^3))) -> 0.018586 | E53: =IF($A$1=0, 0, IF(B53<=$A$2, ($A$1/$A$2^2) *(2*$A$2-2*B53), ($A$1/(1-$A$2)^2)*(2*$A$2-2*B53))) -> 0 | F53: =IF($A$1=0, 0, ATAN(E53)) -> 0 | G53: =B53-D53*SIN(F53) -> 0.02655602 | H53: =C53+D53*COS(F53) -> 0.018586 | I53: =B53+D53*SIN(F53) -> 0.02655602 | J53: =C53-D53*COS(F53) -> -0.018586 | Y53: =IF($Z$1, C53, -0.5) -> -0.5
B54: 0.027577642 | C54: =IF($A$1=0, 0, IF(B54<=$A$2, ($A$1/$A$2^2)*(2*$A$2*B54-B54^2), ($A$1/(1-$A$2)^2)*((1-2*$A$2)+2*$A$2*B54-B54^2))) -> 0 | D54: =IF(B54<$N$1, ($A$3/0.2)*($O$1*SQRT(B54)+$P$1*B54+$Q$1*(B54^2)+$R$1*(B54^3)), ($A$3/0.2)*($S$1+$T$1*(1-B54)+$U$1*((1-B54)^2)+$V$1*((1-B54)^3))) -> 0.018924996 | E54: =IF($A$1=0, 0, IF(B54<=$A$2, ($A$1/$A$2^2) *(2*$A$2-2*B54), ($A$1/(1-$A$2)^2)*(2*$A$2-2*B54))) -> 0 | F54: =IF($A$1=0, 0, ATAN(E54)) -> 0 | G54: =B54-D54*SIN(F54) -> 0.027577642 | H54: =C54+D54*COS(F54) -> 0.018924996 | I54: =B54+D54*SIN(F54) -> 0.027577642 | J54: =C54-D54*COS(F54) -> -0.018924996 | Y54: =IF($Z$1, C54, -0.5) -> -0.5
B55: 0.02861799 | C55: =IF($A$1=0, 0, IF(B55<=$A$2, ($A$1/$A$2^2)*(2*$A$2*B55-B55^2), ($A$1/(1-$A$2)^2)*((1-2*$A$2)+2*$A$2*B55-B55^2))) -> 0 | D55: =IF(B55<$N$1, ($A$3/0.2)*($O$1*SQRT(B55)+$P$1*B55+$Q$1*(B55^2)+$R$1*(B55^3)), ($A$3/0.2)*($S$1+$T$1*(1-B55)+$U$1*((1-B55)^2)+$V$1*((1-B55)^3))) -> 0.019263229 | E55: =IF($A$1=0, 0, IF(B55<=$A$2, ($A$1/$A$2^2) *(2*$A$2-2*B55), ($A$1/(1-$A$2)^2)*(2*$A$2-2*B55))) -> 0 | F55: =IF($A$1=0, 0, ATAN(E55)) -> 0 | G55: =B55-D55*SIN(F55) -> 0.02861799 | H55: =C55+D55*COS(F55) -> 0.019263229 | I55: =B55+D55*SIN(F55) -> 0.02861799 | J55: =C55-D55*COS(F55) -> -0.019263229 | Y55: =IF($Z$1, C55, -0.5) -> -0.5
B56: 0.029677022 | C56: =IF($A$1=0, 0, IF(B56<=$A$2, ($A$1/$A$2^2)*(2*$A$2*B56-B56^2), ($A$1/(1-$A$2)^2)*((1-2*$A$2)+2*$A$2*B56-B56^2))) -> 0 | D56: =IF(B56<$N$1, ($A$3/0.2)*($O$1*SQRT(B56)+$P$1*B56+$Q$1*(B56^2)+$R$1*(B56^3)), ($A$3/0.2)*($S$1+$T$1*(1-B56)+$U$1*((1-B56)^2)+$V$1*((1-B56)^3))) -> 0.019600694 | E56: =IF($A$1=0, 0, IF(B56<=$A$2, ($A$1/$A$2^2) *(2*$A$2-2*B56), ($A$1/(1-$A$2)^2)*(2*$A$2-2*B56))) -> 0 | F56: =IF($A$1=0, 0, ATAN(E56)) -> 0 | G56: =B56-D56*SIN(F56) -> 0.029677022 | H56: =C56+D56*COS(F56) -> 0.019600694 | I56: =B56+D56*SIN(F56) -> 0.029677022 | J56: =C56-D56*COS(F56) -> -0.019600694 | Y56: =IF($Z$1, C56, -0.5) -> -0.5
B57: 0.030754696 | C57: =IF($A$1=0, 0, IF(B57<=$A$2, ($A$1/$A$2^2)*(2*$A$2*B57-B57^2), ($A$1/(1-$A$2)^2)*((1-2*$A$2)+2*$A$2*B57-B57^2))) -> 0 | D57: =IF(B57<$N$1, ($A$3/0.2)*($O$1*SQRT(B57)+$P$1*B57+$Q$1*(B57^2)+$R$1*(B57^3)), ($A$3/0.2)*($S$1+$T$1*(1-B57)+$U$1*((1-B57)^2)+$V$1*((1-B57)^3))) -> 0.019937388 | E57: =IF($A$1=0, 0, IF(B57<=$A$2, ($A$1/$A$2^2) *(2*$A$2-2*B57), ($A$1/(1-$A$2)^2)*(2*$A$2-2*B57))) -> 0 | F57: =IF($A$1=0, 0, ATAN(E57)) -> 0 | G57: =B57-D57*SIN(F57) -> 0.030754696 | H57: =C57+D57*COS(F57) -> 0.019937388 | I57: =B57+D57*SIN(F57) -> 0.030754696 | J57: =C57-D57*COS(F57) -> -0.019937388 | Y57: =IF($Z$1, C57, -0.5) -> -0.5
B58: 0.03185097 | C58: =IF($A$1=0, 0, IF(B58<=$A$2, ($A$1/$A$2^2)*(2*$A$2*B58-B58^2), ($A$1/(1-$A$2)^2)*((1-2*$A$2)+2*$A$2*B58-B58^2))) -> 0 | D58: =IF(B58<$N$1, ($A$3/0.2)*($O$1*SQRT(B58)+$P$1*B58+$Q$1*(B58^2)+$R$1*(B58^3)), ($A$3/0.2)*($S$1+$T$1*(1-B58)+$U$1*((1-B58)^2)+$V$1*((1-B58)^3))) -> 0.020273305 | E58: =IF($A$1=0, 0, IF(B58<=$A$2, ($A$1/$A$2^2) *(2*$A$2-2*B58), ($A$1/(1-$A$2)^2)*(2*$A$2-2*B58))) -> 0 | F58: =IF($A$1=0, 0, ATAN(E58)) -> 0 | G58: =B58-D58*SIN(F58) -> 0.03185097 | H58: =C58+D58*COS(F58) -> 0.020273305 | I58: =B58+D58*SIN(F58) -> 0.03185097 | J58: =C58-D58*COS(F58) -> -0.020273305 | Y58: =IF($Z$1, C58, -0.5) -> -0.5
B59: 0.032965799 | C59: =IF($A$1=0, 0, IF(B59<=$A$2, ($A$1/$A$2^2)*(2*$A$2*B59-B59^2), ($A$1/(1-$A$2)^2)*((1-2*$A$2)+2*$A$2*B59-B59^2))) -> 0 | D59: =IF(B59<$N$1, ($A$3/0.2)*($O$1*SQRT(B59)+$P$1*B59+$Q$1*(B59^2)+$R$1*(B59^3)), ($A$3/0.2)*($S$1+$T$1*(1-B59)+$U$1*((1-B59)^2)+$V$1*((1-B59)^3))) -> 0.020608443 | E59: =IF($A$1=0, 0, IF(B59<=$A$2, ($A$1/$A$2^2) *(2*$A$2-2*B59), ($A$1/(1-$A$2)^2)*(2*$A$2-2*B59))) -> 0 | F59: =IF($A$1=0, 0, ATAN(E59)) -> 0 | G59: =B59-D59*SIN(F59) -> 0.032965799 | H59: =C59+D59*COS(F59) -> 0.020608443 | I59: =B59+D59*SIN(F59) -> 0.032965799 | J59: =C59-D59*COS(F59) -> -0.020608443 | Y59: =IF($Z$1, C59, -0.5) -> -0.5
B60: 0.03409914 | C60: =IF($A$1=0, 0, IF(B60<=$A$2, ($A$1/$A$2^2)*(2*$A$2*B60-B60^2), ($A$1/(1-$A$2)^2)*((1-2*$A$2)+2*$A$2*B60-B60^2))) -> 0 | D60: =IF(B60<$N$1, ($A$3/0.2)*($O$1*SQRT(B60)+$P$1*B60+$Q$1*(B60^2)+$R$1*(B60^3)), ($A$3/0.2)*($S$1+$T$1*(1-B60)+$U$1*((1-B60)^2)+$V$1*((1-B60)^3))) -> 0.020942796 | E60: =IF($A$1=0, 0, IF(B60<=$A$2, ($A$1/$A$2^2) *(2*$A$2-2*B60), ($A$1/(1-$A$2)^2)*(2*$A$2-2*B60))) -> 0 | F60: =IF($A$1=0, 0, ATAN(E60)) -> 0 | G60: =B60-D60*SIN(F60) -> 0.03409914 | H60: =C60+D60*COS(F60) -> 0.020942796 | I60: =B60+D60*SIN(F60) -> 0.03409914 | J60: =C60-D60*COS(F60) -> -0.020942796 | Y60: =IF($Z$1, C60, -0.5) -> -0.5
B61: 0.035250948 | C61: =IF($A$1=0, 0, IF(B61<=$A$2, ($A$1/$A$2^2)*(2*$A$2*B61-B61^2), ($A$1/(1-$A$2)^2)*((1-2*$A$2)+2*$A$2*B61-B61^2))) -> 0 | D61: =IF(B61<$N$1, ($A$3/0.2)*($O$1*SQRT(B61)+$P$1*B61+$Q$1*(B61^2)+$R$1*(B61^3)), ($A$3/0.2)*($S$1+$T$1*(1-B61)+$U$1*((1-B61)^2)+$V$1*((1-B61)^3))) -> 0.021276361 | E61: =IF($A$1=0, 0, IF(B61<=$A$2, ($A$1/$A$2^2) *(2*$A$2-2*B61), ($A$1/(1-$A$2)^2)*(2*$A$2-2*B61))) -> 0 | F61: =IF($A$1=0, 0, ATAN(E61)) -> 0 | G61: =B61-D61*SIN(F61) -> 0.035250948 | H61: =C61+D61*COS(F61) -> 0.021276361 | I61: =B61+D61*SIN(F61) -> 0.035250948 | J61: =C61-D61*COS(F61) -> -0.021276361 | Y61: =IF($Z$1, C61, -0.5) -> -0.5
B62: 0.036421176 | C62: =IF($A$1=0, 0, IF(B62<=$A$2, ($A$1/$A$2^2)*(2*$A$2*B62-B62^2), ($A$1/(1-$A$2)^2)*((1-2*$A$2)+2*$A$2*B62-B62^2))) -> 0 | D62: =IF(B62<$N$1, ($A$3/0.2)*($O$1*SQRT(B62)+$P$1*B62+$Q$1*(B62^2)+$R$1*(B62^3)), ($A$3/0.2)*($S$1+$T$1*(1-B62)+$U$1*((1-B62)^2)+$V$1*((1-B62)^3))) -> 0.021609132 | E62: =IF($A$1=0, 0, IF(B62<=$A$2, ($A$1/$A$2^2) *(2*$A$2-2*B62), ($A$1/(1-$A$2)^2)*(2*$A$2-2*B62))) -> 0 | F62: =IF($A$1=0, 0, ATAN(E62)) -> 0 | G62: =B62-D62*SIN(F62) -> 0.036421176 | H62: =C62+D62*COS(F62) -> 0.021609132 | I62: =B62+D62*SIN(F62) -> 0.036421176 | J62: =C62-D62*COS(F62) -> -0.021609132 | Y62: =IF($Z$1, C62, -0.5) -> -0.5
... B500: 1 | C500: =IF($A$1=0, 0, IF(B500<=$A$2, ($A$1/$A$2^2)*(2*$A$2*B500-B500^2), ($A$1/(1-$A$2)^2)*((1-2*$A$2)+2*$A$2*B500-B500^2))) -> 0 | D500: =IF(B500<$N$1, ($A$3/0.2)*($O$1*SQRT(B500)+$P$1*B500+$Q$1*(B500^2)+$R$1*(B500^3)), ($A$3/0.2)*($S$1+$T$1*(1-B500)+$U$1*((1-B500)^2)+$V$1*((1-B500)^3))) -> 0.0012 | E500: =IF($A$1=0, 0, IF(B500<=$A$2, ($A$1/$A$2^2) *(2*$A$2-2*B500), ($A$1/(1-$A$2)^2)*(2*$A$2-2*B500))) -> 0 | F500: =IF($A$1=0, 0, ATAN(E500)) -> 0 | G500: =B500-D500*SIN(F500) -> 1 | H500: =C500+D500*COS(F500) -> 0.0012 | I500: =B500+D500*SIN(F500) -> 1 | J500: =C500-D500*COS(F500) -> -0.0012 | Y500: =IF($Z$1, C500, -0.5) -> -0.5
G501: 1 | H501: 0 | I501: 1 | J501: 0

Sheet NACA_16-series
A1: BACK | C1: Name | D1: =Data5!A4*100+Data5!A5 -> 12
C2: Design Lift Coefficient | D2: =Data5!L1 -> 0 | F2: Leading-Edge Radius | G2: =Data5!AA2 -> 0.0070519688
C3: Maximum Thickness | D3: =Data5!A3 -> 0.12 | F3: Trailing-Edge Angle | G3: =DEGREES(2*ATAN(Data5!T1*(D3/0.2))) -> 31.178205
